animal,neuron_id,region6,region9,region_raw
day1,1,VM-thalamus,VM-thalamus,ventromedial thalamus
day1,2,VM-thalamus,VM-thalamus,ventromedial thalamus
day1,3,VM-thalamus,VM-thalamus,ventromedial thalamus
day1,4,VM-thalamus,VM-thalamus,ventromedial thalamus
day1,5,VM-thalamus,VM-thalamus,ventromedial thalamus
day1,6,VM-thalamus,VM-thalamus,ventromedial thalamus
day1,7,VM-thalamus,VM-thalamus,ventromedial thalamus
day1,8,VM-thalamus,VM-thalamus,ventromedial thalamus
day1,9,VM-thalamus,VM-thalamus,ventromedial thalamus
day1,10,VM-thalamus,VM-thalamus,ventromedial thalamus
day1,11,VM-thalamus,VM-thalamus,ventromedial thalamus
day1,12,VM-thalamus,VM-thalamus,ventromedial thalamus
day1,13,VM-thalamus,VM-thalamus,ventromedial thalamus
day1,14,VM-thalamus,VM-thalamus,ventromedial thalamus
day1,15,VM-thalamus,VM-thalamus,ventromedial thalamus
day1,16,VM-thalamus,VM-thalamus,ventromedial thalamus
day1,17,VM-thalamus,VM-thalamus,ventromedial thalamus
day1,18,VM-thalamus,VM-thalamus,ventromedial thalamus
day1,19,VM-thalamus,VM-thalamus,ventromedial thalamus
day1,20,VM-thalamus,VM-thalamus,ventromedial thalamus
day1,21,VM-thalamus,VM-thalamus,ventromedial thalamus
day1,22,VM-thalamus,VM-thalamus,ventromedial thalamus
day1,23,VM-thalamus,VM-thalamus,ventromedial thalamus
day1,24,VM-thalamus,VM-thalamus,ventromedial thalamus
day1,25,VM-thalamus,VM-thalamus,ventromedial thalamus
day1,26,VM-thalamus,VM-thalamus,ventromedial thalamus
day1,27,VM-thalamus,VM-thalamus,ventromedial thalamus
day1,28,VM-thalamus,VM-thalamus,ventromedial thalamus
day1,29,VM-thalamus,VM-thalamus,ventromedial thalamus
day1,30,VM-thalamus,VM-thalamus,ventromedial thalamus
day1,31,VM-thalamus,VM-thalamus,ventromedial thalamus
day1,32,VM-thalamus,VM-thalamus,ventromedial thalamus
day1,33,VM-thalamus,VM-thalamus,ventromedial thalamus
day1,34,VM-thalamus,VM-thalamus,ventromedial thalamus
day1,35,VM-thalamus,VM-thalamus,ventromedial thalamus
day1,36,VM-thalamus,VM-thalamus,ventromedial thalamus
day1,37,VM-thalamus,VM-thalamus,ventromedial thalamus
day1,38,VM-thalamus,VM-thalamus,ventromedial thalamus
day1,39,VM-thalamus,VM-thalamus,ventromedial thalamus
day1,40,VM-thalamus,VM-thalamus,ventromedial thalamus
day1,41,VM-thalamus,VM-thalamus,ventromedial thalamus
day1,42,VM-thalamus,VM-thalamus,ventromedial thalamus
day1,43,VM-thalamus,VM-thalamus,ventromedial thalamus
day1,44,VM-thalamus,VM-thalamus,ventromedial thalamus
day1,45,VM-thalamus,VM-thalamus,ventromedial thalamus
day1,46,VM-thalamus,VM-thalamus,ventromedial thalamus
day1,47,VM-thalamus,VM-thalamus,ventromedial thalamus
day1,48,VM-thalamus,VM-thalamus,ventromedial thalamus
day1,49,VM-thalamus,VM-thalamus,ventromedial thalamus
day1,50,VM-thalamus,VM-thalamus,ventromedial thalamus
day1,51,VM-thalamus,VM-thalamus,ventromedial thalamus
day1,52,VM-thalamus,VM-thalamus,ventromedial thalamus
day1,53,VM-thalamus,VM-thalamus,ventromedial thalamus
day1,54,VM-thalamus,VM-thalamus,ventromedial thalamus
day1,55,VM-thalamus,VM-thalamus,ventromedial thalamus
day1,56,VM-thalamus,VM-thalamus,ventromedial thalamus
day1,57,VM-thalamus,VM-thalamus,ventromedial thalamus
day1,58,VM-thalamus,VM-thalamus,ventromedial thalamus
day1,59,VM-thalamus,VM-thalamus,ventromedial thalamus
day1,60,VM-thalamus,VM-thalamus,ventromedial thalamus
day1,61,VM-thalamus,VM-thalamus,ventromedial thalamus
day1,62,VM-thalamus,VM-thalamus,ventromedial thalamus
day1,63,VM-thalamus,VM-thalamus,ventromedial thalamus
day1,64,VM-thalamus,VM-thalamus,ventromedial thalamus
day1,65,VM-thalamus,VM-thalamus,ventromedial thalamus
day1,66,VM-thalamus,VM-thalamus,ventromedial thalamus
day1,67,VM-thalamus,VM-thalamus,ventromedial thalamus
day1,68,VM-thalamus,VM-thalamus,ventromedial thalamus
day1,69,VM-thalamus,VM-thalamus,ventromedial thalamus
day1,70,VM-thalamus,VM-thalamus,ventromedial thalamus
day1,71,VM-thalamus,VM-thalamus,ventromedial thalamus
day1,72,VM-thalamus,VM-thalamus,ventromedial thalamus
day1,73,VM-thalamus,VM-thalamus,ventromedial thalamus
day1,74,VM-thalamus,VM-thalamus,ventromedial thalamus
day1,75,VM-thalamus,VM-thalamus,ventromedial thalamus
day1,76,VM-thalamus,VM-thalamus,ventromedial thalamus
day1,77,VM-thalamus,VM-thalamus,ventromedial thalamus
day1,78,VM-thalamus,VM-thalamus,ventromedial thalamus
day1,79,VM-thalamus,VM-thalamus,ventromedial thalamus
day1,80,VM-thalamus,VM-thalamus,ventromedial thalamus
day1,81,VM-thalamus,VM-thalamus,ventromedial thalamus
day1,82,VM-thalamus,VM-thalamus,ventromedial thalamus
day1,83,VM-thalamus,VM-thalamus,ventromedial thalamus
day1,84,VM-thalamus,VM-thalamus,ventromedial thalamus
day1,85,VM-thalamus,VM-thalamus,ventromedial thalamus
day1,86,VM-thalamus,VM-thalamus,ventromedial thalamus
day1,87,VM-thalamus,VM-thalamus,ventromedial thalamus
day1,88,VM-thalamus,VM-thalamus,ventromedial thalamus
day1,89,VM-thalamus,VM-thalamus,ventromedial thalamus
day1,90,VM-thalamus,VM-thalamus,ventromedial thalamus
day1,91,VM-thalamus,VM-thalamus,ventromedial thalamus
day1,92,VM-thalamus,VM-thalamus,ventromedial thalamus
day1,93,VM-thalamus,VM-thalamus,ventromedial thalamus
day1,94,VM-thalamus,VM-thalamus,ventromedial thalamus
day1,95,VM-thalamus,VM-thalamus,ventromedial thalamus
day1,96,VM-thalamus,VM-thalamus,ventromedial thalamus
day1,97,VM-thalamus,VM-thalamus,ventromedial thalamus
day1,98,VM-thalamus,VM-thalamus,ventromedial thalamus
day1,99,VM-thalamus,VM-thalamus,ventromedial thalamus
day1,100,VM-thalamus,VM-thalamus,ventromedial thalamus
day1,101,VM-thalamus,VM-thalamus,ventromedial thalamus
day1,102,VM-thalamus,VM-thalamus,ventromedial thalamus
day1,103,VM-thalamus,VM-thalamus,ventromedial thalamus
day1,104,VM-thalamus,VM-thalamus,ventromedial thalamus
day1,105,VM-thalamus,VM-thalamus,ventromedial thalamus
day1,106,VM-thalamus,VM-thalamus,ventromedial thalamus
day1,107,VM-thalamus,VM-thalamus,ventromedial thalamus
day1,108,VM-thalamus,VM-thalamus,ventromedial thalamus
day1,109,VM-thalamus,VM-thalamus,ventromedial thalamus
day1,110,VM-thalamus,VM-thalamus,ventromedial thalamus
day1,111,VM-thalamus,VM-thalamus,ventromedial thalamus
day1,112,VM-thalamus,VM-thalamus,ventromedial thalamus
day1,113,VM-thalamus,VM-thalamus,ventromedial thalamus
day1,114,VM-thalamus,VM-thalamus,ventromedial thalamus
day1,115,PVH,PVH,paraventricular hypothalamus
day1,116,PVH,PVH,paraventricular hypothalamus
day1,117,VM-thalamus,VM-thalamus,ventromedial thalamus
day1,118,VM-thalamus,VM-thalamus,ventromedial thalamus
day1,119,VM-thalamus,VM-thalamus,ventromedial thalamus
day1,120,VM-thalamus,VM-thalamus,ventromedial thalamus
day1,121,VM-thalamus,VM-thalamus,ventromedial thalamus
day1,122,VM-thalamus,VM-thalamus,ventromedial thalamus
day1,123,VM-thalamus,VM-thalamus,ventromedial thalamus
day1,124,VM-thalamus,VM-thalamus,ventromedial thalamus
day1,125,VM-thalamus,VM-thalamus,ventromedial thalamus
day1,126,VM-thalamus,VM-thalamus,ventromedial thalamus
night1,1,VM-thalamus,VM-thalamus,ventromedial thalamus
night1,2,VM-thalamus,VM-thalamus,ventromedial thalamus
night1,3,VM-thalamus,VM-thalamus,ventromedial thalamus
night1,4,PVH,PVH,paraventricular hypothalamus
night1,5,PVH,PVH,paraventricular hypothalamus
night1,6,PVH,PVH,paraventricular hypothalamus
night1,7,PVH,PVH,paraventricular hypothalamus
night1,8,AH,Anterior HT,anterior hypothalamus
night1,9,AH,Anterior HT,anterior hypothalamus
night1,10,AH,Anterior HT,anterior hypothalamus
night1,11,PVH,PVH,paraventricular hypothalamus
night1,12,VM-thalamus,VM-thalamus,ventromedial thalamus
night1,13,VM-thalamus,VM-thalamus,ventromedial thalamus
night1,14,PVH,PVH,paraventricular hypothalamus
night1,15,PVH,PVH,paraventricular hypothalamus
night1,16,PVH,PVH,paraventricular hypothalamus
night1,17,AH,Anterior HT,anterior hypothalamus
night1,18,VM-thalamus,VM-thalamus,ventromedial thalamus
night1,19,DMH,DMH,dorsomedial hypothalamus
night1,20,DMH,DMH,dorsomedial hypothalamus
night1,21,DMH,DMH,dorsomedial hypothalamus
night1,22,DMH,DMH,dorsomedial hypothalamus
night1,23,VM-thalamus,VM-thalamus,ventromedial thalamus
night1,24,VM-thalamus,VM-thalamus,ventromedial thalamus
night1,25,VM-thalamus,VM-thalamus,ventromedial thalamus
night1,26,VM-thalamus,VM-thalamus,ventromedial thalamus
night1,27,VM-thalamus,VM-thalamus,ventromedial thalamus
night1,28,VM-thalamus,VM-thalamus,ventromedial thalamus
night1,29,PVH,PVH,paraventricular hypothalamus
night1,30,PVH,PVH,paraventricular hypothalamus
night1,31,VM-thalamus,VM-thalamus,ventromedial thalamus
night2,1,VM-thalamus,VM-thalamus,ventromedial thalamus
night2,2,VM-thalamus,VM-thalamus,ventromedial thalamus
night2,3,VM-thalamus,VM-thalamus,ventromedial thalamus
night2,4,VM-thalamus,VM-thalamus,ventromedial thalamus
night2,5,VM-thalamus,VM-thalamus,ventromedial thalamus
night2,6,VMH,Ventromedial HT,ventromedial hypothalamus
night2,7,VM-thalamus,VM-thalamus,ventromedial thalamus
night2,8,VMH,Ventromedial HT,ventromedial hypothalamus
night2,9,VMH,Ventromedial HT,ventromedial hypothalamus
night2,10,PVH,PVH,paraventricular hypothalamus
night2,11,VMH,Ventromedial HT,ventromedial hypothalamus
night2,12,PVH,PVH,paraventricular hypothalamus
night2,13,VMH,Ventromedial HT,ventromedial hypothalamus
night2,14,DMH,DMH,dorsomedial hypothalamus
night2,15,DMH,DMH,dorsomedial hypothalamus
night2,16,VMH,Ventromedial HT,ventromedial hypothalamus
night2,17,VMH,Ventromedial HT,ventromedial hypothalamus
night2,18,DMH,DMH,dorsomedial hypothalamus
night2,19,DMH,DMH,dorsomedial hypothalamus
night2,20,VM-thalamus,VM-thalamus,ventromedial thalamus
night2,21,VM-thalamus,VM-thalamus,ventromedial thalamus
night2,22,VM-thalamus,VM-thalamus,ventromedial thalamus
night2,23,VM-thalamus,VM-thalamus,ventromedial thalamus
night2,24,VM-thalamus,VM-thalamus,ventromedial thalamus
night2,25,VM-thalamus,VM-thalamus,ventromedial thalamus
night2,26,AH,Anterior HT,anterior hypothalamus
night2,27,AH,Anterior HT,anterior hypothalamus
night2,28,VM-thalamus,VM-thalamus,ventromedial thalamus
night2,29,AH,Anterior HT,anterior hypothalamus
night2,30,AH,Anterior HT,anterior hypothalamus
night2,31,AH,Anterior HT,anterior hypothalamus
night2,32,PVH,PVH,paraventricular hypothalamus
night2,33,AH,Anterior HT,anterior hypothalamus
night2,34,AH,Anterior HT,anterior hypothalamus
night3,1,PVH,PVH,paraventricular hypothalamus
night3,2,PVH,PVH,paraventricular hypothalamus
night3,3,PVH,PVH,paraventricular hypothalamus
night3,4,PVH,PVH,paraventricular hypothalamus
night3,5,PVH,PVH,paraventricular hypothalamus
night3,6,PVH,PVH,paraventricular hypothalamus
night3,7,PVH,PVH,paraventricular hypothalamus
night3,8,PVH,PVH,paraventricular hypothalamus
night3,9,PVH,PVH,paraventricular hypothalamus
night3,10,PVH,PVH,paraventricular hypothalamus
night3,11,VM-thalamus,VM-thalamus,ventromedial thalamus
night3,12,VM-thalamus,VM-thalamus,ventromedial thalamus
night3,13,VM-thalamus,VM-thalamus,ventromedial thalamus
night3,14,PVH,PVH,paraventricular hypothalamus
night3,15,PVH,PVH,paraventricular hypothalamus
night3,16,PVH,PVH,paraventricular hypothalamus
night3,17,PVH,PVH,paraventricular hypothalamus
night3,18,PVH,PVH,paraventricular hypothalamus
night3,19,PVH,PVH,paraventricular hypothalamus
night3,20,VM-thalamus,VM-thalamus,ventromedial thalamus
night3,21,VM-thalamus,VM-thalamus,ventromedial thalamus
night3,22,VM-thalamus,VM-thalamus,ventromedial thalamus
night3,23,VM-thalamus,VM-thalamus,ventromedial thalamus
night3,24,VM-thalamus,VM-thalamus,ventromedial thalamus
night3,25,VM-thalamus,VM-thalamus,ventromedial thalamus
night3,26,VM-thalamus,VM-thalamus,ventromedial thalamus
night3,27,VM-thalamus,VM-thalamus,ventromedial thalamus
night3,28,PVH,PVH,paraventricular hypothalamus
night3,29,VM-thalamus,VM-thalamus,ventromedial thalamus
night3,30,VM-thalamus,VM-thalamus,ventromedial thalamus
night3,31,VM-thalamus,VM-thalamus,ventromedial thalamus
night3,32,VM-thalamus,VM-thalamus,ventromedial thalamus
night3,33,PVH,PVH,paraventricular hypothalamus
night4,1,VM-thalamus,VM-thalamus,ventromedial thalamus
night4,2,VM-thalamus,VM-thalamus,ventromedial thalamus
night4,3,PVH,PVH,paraventricular hypothalamus
night4,4,PVH,PVH,paraventricular hypothalamus
night4,5,PVH,PVH,paraventricular hypothalamus
night4,6,PVH,PVH,paraventricular hypothalamus
night4,7,PVH,PVH,paraventricular hypothalamus
night4,8,AH,Anterior HT,anterior hypothalamus
night4,9,PVH,PVH,paraventricular hypothalamus
night4,10,PVH,PVH,paraventricular hypothalamus
night4,11,VM-thalamus,VM-thalamus,ventromedial thalamus
night4,12,DMH,DMH,dorsomedial hypothalamus
night4,13,DMH,DMH,dorsomedial hypothalamus
night4,14,DMH,DMH,dorsomedial hypothalamus
night4,15,DMH,DMH,dorsomedial hypothalamus
night4,16,DMH,DMH,dorsomedial hypothalamus
night4,17,DMH,DMH,dorsomedial hypothalamus
night4,18,VM-thalamus,VM-thalamus,ventromedial thalamus
night4,19,PVH,PVH,paraventricular hypothalamus
night4,20,VM-thalamus,VM-thalamus,ventromedial thalamus
night4,21,VM-thalamus,VM-thalamus,ventromedial thalamus
night4,22,PVH,PVH,paraventricular hypothalamus
night4,23,VM-thalamus,VM-thalamus,ventromedial thalamus
night4,24,PVH,PVH,paraventricular hypothalamus
night4,25,PVH,PVH,paraventricular hypothalamus
night4,26,PVH,PVH,paraventricular hypothalamus
night4,27,PVH,PVH,paraventricular hypothalamus
night4,28,PVH,PVH,paraventricular hypothalamus
night4,29,PVH,PVH,paraventricular hypothalamus
night4,30,PVH,PVH,paraventricular hypothalamus
night4,31,PVH,PVH,paraventricular hypothalamus
night4,32,PVH,PVH,paraventricular hypothalamus
night4,33,PVH,PVH,paraventricular hypothalamus
night4,34,PVH,PVH,paraventricular hypothalamus
night4,35,PVH,PVH,paraventricular hypothalamus
night5,1,VM-thalamus,VM-thalamus,ventromedial thalamus
night5,2,VM-thalamus,VM-thalamus,ventromedial thalamus
night5,3,VM-thalamus,VM-thalamus,ventromedial thalamus
night5,4,VM-thalamus,VM-thalamus,ventromedial thalamus
night5,5,VM-thalamus,VM-thalamus,ventromedial thalamus
night5,6,VM-thalamus,VM-thalamus,ventromedial thalamus
night5,7,VM-thalamus,VM-thalamus,ventromedial thalamus
night5,8,VM-thalamus,VM-thalamus,ventromedial thalamus
night5,9,VM-thalamus,VM-thalamus,ventromedial thalamus
night5,10,VM-thalamus,VM-thalamus,ventromedial thalamus
night5,11,VM-thalamus,VM-thalamus,ventromedial thalamus
night5,12,VM-thalamus,VM-thalamus,ventromedial thalamus
night5,13,VM-thalamus,VM-thalamus,ventromedial thalamus
night5,14,PVH,PVH,paraventricular hypothalamus
night5,15,VM-thalamus,VM-thalamus,ventromedial thalamus
night5,16,VM-thalamus,VM-thalamus,ventromedial thalamus
night5,17,VM-thalamus,VM-thalamus,ventromedial thalamus
night5,18,VM-thalamus,VM-thalamus,ventromedial thalamus
night5,19,VMH,Ventromedial HT,ventromedial hypothalamus
night5,20,VMH,Ventromedial HT,ventromedial hypothalamus
night5,21,VMH,Ventromedial HT,ventromedial hypothalamus
night5,22,VM-thalamus,VM-thalamus,ventromedial thalamus
night5,23,VM-thalamus,VM-thalamus,ventromedial thalamus
night5,24,VM-thalamus,VM-thalamus,ventromedial thalamus
day2,1,VM-thalamus,VM-thalamus,ventromedial thalamus
day2,2,VM-thalamus,VM-thalamus,ventromedial thalamus
day2,3,PH,PH,posterior hypothalamus
day2,4,VM-thalamus,VM-thalamus,ventromedial thalamus
day2,5,VM-thalamus,VM-thalamus,ventromedial thalamus
day2,6,VM-thalamus,VM-thalamus,ventromedial thalamus
day2,7,DMH,DMH,dorsomedial hypothalamus
day2,8,DMH,DMH,dorsomedial hypothalamus
day2,9,DMH,DMH,dorsomedial hypothalamus
day2,10,DMH,DMH,dorsomedial hypothalamus
day2,11,DMH,DMH,dorsomedial hypothalamus
day2,12,DMH,DMH,dorsomedial hypothalamus
day2,13,PH,PH,posterior hypothalamus
day2,14,VM-thalamus,VM-thalamus,ventromedial thalamus
day2,15,VM-thalamus,VM-thalamus,ventromedial thalamus
day2,16,VM-thalamus,VM-thalamus,ventromedial thalamus
day2,17,PVH,PVH,paraventricular hypothalamus
day2,18,PH,PH,posterior hypothalamus
day2,19,PH,PH,posterior hypothalamus
day2,20,PH,PH,posterior hypothalamus
day2,21,PH,PH,posterior hypothalamus
day2,22,PH,PH,posterior hypothalamus
day2,23,PH,PH,posterior hypothalamus
day2,24,PH,PH,posterior hypothalamus
day2,25,DMH,DMH,dorsomedial hypothalamus
day2,26,VM-thalamus,VM-thalamus,ventromedial thalamus
day2,27,PH,PH,posterior hypothalamus
day2,28,DMH,DMH,dorsomedial hypothalamus
day2,29,PH,PH,posterior hypothalamus
day2,30,DMH,DMH,dorsomedial hypothalamus
day2,31,DMH,DMH,dorsomedial hypothalamus
night6,1,VM-thalamus,VM-thalamus,ventromedial thalamus
night6,2,VM-thalamus,VM-thalamus,ventromedial thalamus
night6,3,VM-thalamus,VM-thalamus,ventromedial thalamus
night6,4,VM-thalamus,VM-thalamus,ventromedial thalamus
night6,5,DMH,DMH,dorsomedial hypothalamus
night6,6,DMH,DMH,dorsomedial hypothalamus
night6,7,DMH,DMH,dorsomedial hypothalamus
night6,8,DMH,DMH,dorsomedial hypothalamus
night6,9,DMH,DMH,dorsomedial hypothalamus
night6,10,DMH,DMH,dorsomedial hypothalamus
night6,11,DMH,DMH,dorsomedial hypothalamus
night6,12,VM-thalamus,VM-thalamus,ventromedial thalamus
night6,13,DMH,DMH,dorsomedial hypothalamus
night6,14,DMH,DMH,dorsomedial hypothalamus
night6,15,DMH,DMH,dorsomedial hypothalamus
night6,16,DMH,DMH,dorsomedial hypothalamus
night6,17,VM-thalamus,VM-thalamus,ventromedial thalamus
night6,18,VM-thalamus,VM-thalamus,ventromedial thalamus
night6,19,PVH,PVH,paraventricular hypothalamus
night6,20,PVH,PVH,paraventricular hypothalamus
night6,21,VM-thalamus,VM-thalamus,ventromedial thalamus
night6,22,VM-thalamus,VM-thalamus,ventromedial thalamus
night6,23,VMH,Ventromedial HT,ventromedial hypothalamus
night6,24,VMH,Ventromedial HT,ventromedial hypothalamus
night6,25,VMH,Ventromedial HT,ventromedial hypothalamus
night6,26,VM-thalamus,VM-thalamus,ventromedial thalamus
night6,27,DMH,DMH,dorsomedial hypothalamus
night6,28,DMH,DMH,dorsomedial hypothalamus
night6,29,DMH,DMH,dorsomedial hypothalamus
night6,30,DMH,DMH,dorsomedial hypothalamus
night6,31,VM-thalamus,VM-thalamus,ventromedial thalamus
night6,32,VM-thalamus,VM-thalamus,ventromedial thalamus
night6,33,VM-thalamus,VM-thalamus,ventromedial thalamus
night6,34,PVH,PVH,paraventricular hypothalamus
night6,35,VM-thalamus,VM-thalamus,ventromedial thalamus
night6,36,VM-thalamus,VM-thalamus,ventromedial thalamus
night6,37,DMH,DMH,dorsomedial hypothalamus
night6,38,DMH,DMH,dorsomedial hypothalamus
night6,39,VM-thalamus,VM-thalamus,ventromedial thalamus
night6,40,VM-thalamus,VM-thalamus,ventromedial thalamus
night6,41,VM-thalamus,VM-thalamus,ventromedial thalamus
night6,42,VM-thalamus,VM-thalamus,ventromedial thalamus
night6,43,VM-thalamus,VM-thalamus,ventromedial thalamus
night6,44,VM-thalamus,VM-thalamus,ventromedial thalamus
night6,45,VM-thalamus,VM-thalamus,ventromedial thalamus
night6,46,VM-thalamus,VM-thalamus,ventromedial thalamus
night6,47,VM-thalamus,VM-thalamus,ventromedial thalamus
night6,48,VM-thalamus,VM-thalamus,ventromedial thalamus
night6,49,VM-thalamus,VM-thalamus,ventromedial thalamus
night6,50,VM-thalamus,VM-thalamus,ventromedial thalamus
night6,51,PVH,PVH,paraventricular hypothalamus
night6,52,PVH,PVH,paraventricular hypothalamus
night6,53,PVH,PVH,paraventricular hypothalamus
night6,54,PVH,PVH,paraventricular hypothalamus
night7,1,VM-thalamus,VM-thalamus,ventromedial thalamus
night7,2,PH,PH,posterior hypothalamus
night7,3,DMH,DMH,dorsomedial hypothalamus
night7,4,VM-thalamus,VM-thalamus,ventromedial thalamus
night7,5,VM-thalamus,VM-thalamus,ventromedial thalamus
night7,6,VM-thalamus,VM-thalamus,ventromedial thalamus
night7,7,DMH,DMH,dorsomedial hypothalamus
night7,8,DMH,DMH,dorsomedial hypothalamus
night7,9,VMH,Ventromedial HT,ventromedial hypothalamus
night7,10,DMH,DMH,dorsomedial hypothalamus
night7,11,PH,PH,posterior hypothalamus
night7,12,PH,PH,posterior hypothalamus
night7,13,PH,PH,posterior hypothalamus
night7,14,PH,PH,posterior hypothalamus
night7,15,PH,PH,posterior hypothalamus
night7,16,PH,PH,posterior hypothalamus
night7,17,PH,PH,posterior hypothalamus
night7,18,PH,PH,posterior hypothalamus
night7,19,DMH,DMH,dorsomedial hypothalamus
night7,20,DMH,DMH,dorsomedial hypothalamus
night7,21,PH,PH,posterior hypothalamus
night7,22,PH,PH,posterior hypothalamus
night7,23,PH,PH,posterior hypothalamus
night7,24,VM-thalamus,VM-thalamus,ventromedial thalamus
night7,25,VM-thalamus,VM-thalamus,ventromedial thalamus
night7,26,PH,PH,posterior hypothalamus
night7,27,DMH,DMH,dorsomedial hypothalamus
night7,28,DMH,DMH,dorsomedial hypothalamus
night7,29,DMH,DMH,dorsomedial hypothalamus
night7,30,DMH,DMH,dorsomedial hypothalamus
night7,31,DMH,DMH,dorsomedial hypothalamus
night7,32,ARH,ARH,arcuate hypothalamus
night7,33,ARH,ARH,arcuate hypothalamus
night7,34,ARH,ARH,arcuate hypothalamus
night7,35,ARH,ARH,arcuate hypothalamus
night7,36,ARH,ARH,arcuate hypothalamus
night7,37,ARH,ARH,arcuate hypothalamus
night7,38,ARH,ARH,arcuate hypothalamus
night7,39,ARH,ARH,arcuate hypothalamus
night7,40,PH,PH,posterior hypothalamus
night7,41,ARH,ARH,arcuate hypothalamus
night7,42,PH,PH,posterior hypothalamus
night7,43,ZI,ZI,zona incerta
night7,44,ZI,ZI,zona incerta
night7,45,ZI,ZI,zona incerta
night7,46,VMH,Ventromedial HT,ventromedial hypothalamus
night7,47,VMH,Ventromedial HT,ventromedial hypothalamus
night7,48,VMH,Ventromedial HT,ventromedial hypothalamus
night7,49,VMH,Ventromedial HT,ventromedial hypothalamus
night7,50,VMH,Ventromedial HT,ventromedial hypothalamus
night7,51,ZI,ZI,zona incerta
night7,52,ZI,ZI,zona incerta
night7,53,ZI,ZI,zona incerta
night7,54,DMH,DMH,dorsomedial hypothalamus
night7,55,ZI,ZI,zona incerta
night7,56,DMH,DMH,dorsomedial hypothalamus
night7,57,DMH,DMH,dorsomedial hypothalamus
night7,58,DMH,DMH,dorsomedial hypothalamus
night7,59,DMH,DMH,dorsomedial hypothalamus
night7,60,DMH,DMH,dorsomedial hypothalamus
night7,61,DMH,DMH,dorsomedial hypothalamus
night7,62,PH,PH,posterior hypothalamus
night7,63,PH,PH,posterior hypothalamus
night7,64,PH,PH,posterior hypothalamus
night7,65,DMH,DMH,dorsomedial hypothalamus
night7,66,DMH,DMH,dorsomedial hypothalamus
night7,67,DMH,DMH,dorsomedial hypothalamus
night7,68,DMH,DMH,dorsomedial hypothalamus
night7,69,DMH,DMH,dorsomedial hypothalamus
night7,70,ZI,ZI,zona incerta
night7,71,ZI,ZI,zona incerta
night7,72,ZI,ZI,zona incerta
night7,73,DMH,DMH,dorsomedial hypothalamus
night7,74,VM-thalamus,VM-thalamus,ventromedial thalamus
night7,75,DMH,DMH,dorsomedial hypothalamus
night7,76,DMH,DMH,dorsomedial hypothalamus
night7,77,DMH,DMH,dorsomedial hypothalamus
night7,78,DMH,DMH,dorsomedial hypothalamus
night7,79,DMH,DMH,dorsomedial hypothalamus
day3,1,PH,PH,posterior hypothalamus
day3,2,MC,Mammillary Complex,mammillary complex
day3,3,MC,Mammillary Complex,mammillary complex
day3,4,MC,Mammillary Complex,mammillary complex
day3,5,MC,Mammillary Complex,mammillary complex
day3,6,MC,Mammillary Complex,mammillary complex
day3,7,PH,PH,posterior hypothalamus
day3,8,PH,PH,posterior hypothalamus
day3,9,MC,Mammillary Complex,mammillary complex
day3,10,MC,Mammillary Complex,mammillary complex
day3,11,PH,PH,posterior hypothalamus
day3,12,PH,PH,posterior hypothalamus
day3,13,MC,Mammillary Complex,mammillary complex
day3,14,MC,Mammillary Complex,mammillary complex
day3,15,MC,Mammillary Complex,mammillary complex
day3,16,PH,PH,posterior hypothalamus
day3,17,PH,PH,posterior hypothalamus
day3,18,MC,Mammillary Complex,mammillary complex
day3,19,MC,Mammillary Complex,mammillary complex
day3,20,MC,Mammillary Complex,mammillary complex
day3,21,MC,Mammillary Complex,mammillary complex
day3,22,PVH,PVH,paraventricular hypothalamus
day3,23,PH,PH,posterior hypothalamus
day3,24,PVH,PVH,paraventricular hypothalamus
day3,25,PVH,PVH,paraventricular hypothalamus
day3,26,ARH,ARH,arcuate hypothalamus
day3,27,ARH,ARH,arcuate hypothalamus
day3,28,ARH,ARH,arcuate hypothalamus
day3,29,PVH,PVH,paraventricular hypothalamus
day3,30,MC,Mammillary Complex,mammillary complex
day3,31,PH,PH,posterior hypothalamus
day3,32,DMH,DMH,dorsomedial hypothalamus
day3,33,DMH,DMH,dorsomedial hypothalamus
day3,34,DMH,DMH,dorsomedial hypothalamus
day3,35,DMH,DMH,dorsomedial hypothalamus
day3,36,MC,Mammillary Complex,mammillary complex
day3,37,PH,PH,posterior hypothalamus
day3,38,PH,PH,posterior hypothalamus
day3,39,PH,PH,posterior hypothalamus
day3,40,PH,PH,posterior hypothalamus
day3,41,MC,Mammillary Complex,mammillary complex
day3,42,MC,Mammillary Complex,mammillary complex
day3,43,ARH,ARH,arcuate hypothalamus
day3,44,ARH,ARH,arcuate hypothalamus
day3,45,ARH,ARH,arcuate hypothalamus
day3,46,ARH,ARH,arcuate hypothalamus
day3,47,PH,PH,posterior hypothalamus
day4,1,VMH,Ventromedial HT,ventromedial hypothalamus
day4,2,VMH,Ventromedial HT,ventromedial hypothalamus
day4,3,DMH,DMH,dorsomedial hypothalamus
day4,4,VM-thalamus,VM-thalamus,ventromedial thalamus
day4,5,VM-thalamus,VM-thalamus,ventromedial thalamus
day4,6,VM-thalamus,VM-thalamus,ventromedial thalamus
day4,7,VM-thalamus,VM-thalamus,ventromedial thalamus
day4,8,VM-thalamus,VM-thalamus,ventromedial thalamus
day4,9,VMH,Ventromedial HT,ventromedial hypothalamus
day4,10,VMH,Ventromedial HT,ventromedial hypothalamus
day4,11,VMH,Ventromedial HT,ventromedial hypothalamus
day4,12,VMH,Ventromedial HT,ventromedial hypothalamus
day4,13,DMH,DMH,dorsomedial hypothalamus
day4,14,DMH,DMH,dorsomedial hypothalamus
day4,15,DMH,DMH,dorsomedial hypothalamus
day4,16,DMH,DMH,dorsomedial hypothalamus
day4,17,DMH,DMH,dorsomedial hypothalamus
day4,18,DMH,DMH,dorsomedial hypothalamus
day4,19,DMH,DMH,dorsomedial hypothalamus
day4,20,DMH,DMH,dorsomedial hypothalamus
day4,21,DMH,DMH,dorsomedial hypothalamus
day4,22,DMH,DMH,dorsomedial hypothalamus
day4,23,DMH,DMH,dorsomedial hypothalamus
day4,24,DMH,DMH,dorsomedial hypothalamus
day4,25,DMH,DMH,dorsomedial hypothalamus
day4,26,DMH,DMH,dorsomedial hypothalamus
day4,27,DMH,DMH,dorsomedial hypothalamus
day4,28,DMH,DMH,dorsomedial hypothalamus
day4,29,DMH,DMH,dorsomedial hypothalamus
day4,30,DMH,DMH,dorsomedial hypothalamus
day4,31,DMH,DMH,dorsomedial hypothalamus
day4,32,DMH,DMH,dorsomedial hypothalamus
day4,33,DMH,DMH,dorsomedial hypothalamus
day4,34,DMH,DMH,dorsomedial hypothalamus
day4,35,DMH,DMH,dorsomedial hypothalamus
day4,36,PH,PH,posterior hypothalamus
day4,37,PH,PH,posterior hypothalamus
day4,38,PH,PH,posterior hypothalamus
day4,39,PH,PH,posterior hypothalamus
day4,40,DMH,DMH,dorsomedial hypothalamus
day4,41,DMH,DMH,dorsomedial hypothalamus
day4,42,DMH,DMH,dorsomedial hypothalamus
day4,43,DMH,DMH,dorsomedial hypothalamus
day4,44,DMH,DMH,dorsomedial hypothalamus
day4,45,DMH,DMH,dorsomedial hypothalamus
day4,46,DMH,DMH,dorsomedial hypothalamus
day4,47,DMH,DMH,dorsomedial hypothalamus
day4,48,DMH,DMH,dorsomedial hypothalamus
day4,49,DMH,DMH,dorsomedial hypothalamus
day4,50,DMH,DMH,dorsomedial hypothalamus
day4,51,PH,PH,posterior hypothalamus
day4,52,PH,PH,posterior hypothalamus
day4,53,PH,PH,posterior hypothalamus
day4,54,PH,PH,posterior hypothalamus
day4,55,PH,PH,posterior hypothalamus
day4,56,PH,PH,posterior hypothalamus
day4,57,PH,PH,posterior hypothalamus
day4,58,PH,PH,posterior hypothalamus
day4,59,PH,PH,posterior hypothalamus
day4,60,PH,PH,posterior hypothalamus
day4,61,PH,PH,posterior hypothalamus
day5,1,DMH,DMH,dorsomedial hypothalamus
day5,2,PH,PH,posterior hypothalamus
day5,3,PH,PH,posterior hypothalamus
day5,4,PH,PH,posterior hypothalamus
day5,5,PH,PH,posterior hypothalamus
day5,6,PH,PH,posterior hypothalamus
day5,7,PH,PH,posterior hypothalamus
day5,8,PH,PH,posterior hypothalamus
day5,9,PH,PH,posterior hypothalamus
day5,10,PH,PH,posterior hypothalamus
day5,11,PH,PH,posterior hypothalamus
day5,12,PH,PH,posterior hypothalamus
day5,13,PH,PH,posterior hypothalamus
day5,14,PH,PH,posterior hypothalamus
day5,15,PH,PH,posterior hypothalamus
day5,16,PH,PH,posterior hypothalamus
day5,17,PH,PH,posterior hypothalamus
day5,18,PH,PH,posterior hypothalamus
day5,19,MC,Mammillary Complex,mammillary complex
day5,20,MC,Mammillary Complex,mammillary complex
day5,21,MC,Mammillary Complex,mammillary complex
day5,22,MC,Mammillary Complex,mammillary complex
day5,23,MC,Mammillary Complex,mammillary complex
day5,24,MC,Mammillary Complex,mammillary complex
day5,25,MC,Mammillary Complex,mammillary complex
day5,26,MC,Mammillary Complex,mammillary complex
day5,27,MC,Mammillary Complex,mammillary complex
day5,28,MC,Mammillary Complex,mammillary complex
day5,29,MC,Mammillary Complex,mammillary complex
day5,30,MC,Mammillary Complex,mammillary complex
day5,31,MC,Mammillary Complex,mammillary complex
day5,32,PVH,PVH,paraventricular hypothalamus
day5,33,PVH,PVH,paraventricular hypothalamus
day5,34,PVH,PVH,paraventricular hypothalamus
day5,35,PVH,PVH,paraventricular hypothalamus
day5,36,PVH,PVH,paraventricular hypothalamus
day5,37,PVH,PVH,paraventricular hypothalamus
day5,38,PVH,PVH,paraventricular hypothalamus
day5,39,PVH,PVH,paraventricular hypothalamus
day5,40,PVH,PVH,paraventricular hypothalamus
day5,41,PVH,PVH,paraventricular hypothalamus
day5,42,PVH,PVH,paraventricular hypothalamus
day5,43,PVH,PVH,paraventricular hypothalamus
day5,44,PVH,PVH,paraventricular hypothalamus
day5,45,PVH,PVH,paraventricular hypothalamus
day5,46,PVH,PVH,paraventricular hypothalamus
day5,47,PVH,PVH,paraventricular hypothalamus
day5,48,PVH,PVH,paraventricular hypothalamus
day5,49,PVH,PVH,paraventricular hypothalamus
day5,50,PVH,PVH,paraventricular hypothalamus
day5,51,MC,Mammillary Complex,mammillary complex
day5,52,MC,Mammillary Complex,mammillary complex
day5,53,MC,Mammillary Complex,mammillary complex
day5,54,MC,Mammillary Complex,mammillary complex
day5,55,MC,Mammillary Complex,mammillary complex
day5,56,MC,Mammillary Complex,mammillary complex
day5,57,MC,Mammillary Complex,mammillary complex
day5,58,MC,Mammillary Complex,mammillary complex
day5,59,MC,Mammillary Complex,mammillary complex
day5,60,MC,Mammillary Complex,mammillary complex
day5,61,MC,Mammillary Complex,mammillary complex
day5,62,MC,Mammillary Complex,mammillary complex
day5,63,MC,Mammillary Complex,mammillary complex
day5,64,PH,PH,posterior hypothalamus
day5,65,PH,PH,posterior hypothalamus
day5,66,PH,PH,posterior hypothalamus
day5,67,PH,PH,posterior hypothalamus
day5,68,PH,PH,posterior hypothalamus
day5,69,PH,PH,posterior hypothalamus
day5,70,PH,PH,posterior hypothalamus
day5,71,PH,PH,posterior hypothalamus
day6,1,VMH,Ventromedial HT,ventromedial hypothalamus
day6,2,VMH,Ventromedial HT,ventromedial hypothalamus
day6,3,VMH,Ventromedial HT,ventromedial hypothalamus
day6,4,VMH,Ventromedial HT,ventromedial hypothalamus
day6,5,MC,Mammillary Complex,mammillary complex
day6,6,DMH,DMH,dorsomedial hypothalamus
day6,7,DMH,DMH,dorsomedial hypothalamus
day6,8,DMH,DMH,dorsomedial hypothalamus
day6,9,DMH,DMH,dorsomedial hypothalamus
day6,10,DMH,DMH,dorsomedial hypothalamus
day6,11,PH,PH,posterior hypothalamus
day6,12,PH,PH,posterior hypothalamus
day6,13,PH,PH,posterior hypothalamus
day6,14,PH,PH,posterior hypothalamus
day6,15,PH,PH,posterior hypothalamus
day6,16,PH,PH,posterior hypothalamus
day6,17,PH,PH,posterior hypothalamus
day6,18,DMH,DMH,dorsomedial hypothalamus
day6,19,DMH,DMH,dorsomedial hypothalamus
day6,20,DMH,DMH,dorsomedial hypothalamus
day6,21,PH,PH,posterior hypothalamus
day6,22,PH,PH,posterior hypothalamus
day6,23,PH,PH,posterior hypothalamus
day6,24,PH,PH,posterior hypothalamus
day6,25,PH,PH,posterior hypothalamus
day6,26,DMH,DMH,dorsomedial hypothalamus
day6,27,DMH,DMH,dorsomedial hypothalamus
day6,28,DMH,DMH,dorsomedial hypothalamus
day6,29,DMH,DMH,dorsomedial hypothalamus
day6,30,DMH,DMH,dorsomedial hypothalamus
day6,31,DMH,DMH,dorsomedial hypothalamus
day6,32,DMH,DMH,dorsomedial hypothalamus
day6,33,DMH,DMH,dorsomedial hypothalamus
day6,34,DMH,DMH,dorsomedial hypothalamus
day6,35,DMH,DMH,dorsomedial hypothalamus
day6,36,DMH,DMH,dorsomedial hypothalamus
day6,37,MC,Mammillary Complex,mammillary complex
day6,38,MC,Mammillary Complex,mammillary complex
day6,39,MC,Mammillary Complex,mammillary complex
day6,40,MC,Mammillary Complex,mammillary complex
day6,41,MC,Mammillary Complex,mammillary complex
day6,42,MC,Mammillary Complex,mammillary complex
day6,43,MC,Mammillary Complex,mammillary complex
day6,44,MC,Mammillary Complex,mammillary complex
day6,45,MC,Mammillary Complex,mammillary complex
day6,46,MC,Mammillary Complex,mammillary complex
day6,47,MC,Mammillary Complex,mammillary complex
day6,48,MC,Mammillary Complex,mammillary complex
day6,49,MC,Mammillary Complex,mammillary complex
day6,50,MC,Mammillary Complex,mammillary complex
day6,51,PH,PH,posterior hypothalamus
day6,52,PH,PH,posterior hypothalamus
day6,53,PH,PH,posterior hypothalamus
day6,54,PH,PH,posterior hypothalamus
day6,55,PH,PH,posterior hypothalamus
day6,56,PH,PH,posterior hypothalamus
