animal,units,AP,ML,DV,region_paxinos,n_neurons,macro_region,further_agglomerate
171019,"1,2,3,4,5,6,7,8,9,10, 12, 16, 19, 21, 23, 24, 26, 31, 33,43, 44, 46, 48, 49, 51, 52, 53, 54, 80, 81, 82, 83, 84, 85, 86, 87, 88",0.9,0.27,3.55,interanteromedial thalamic nucleus,37,ventromedial thalamus,
171019,"11, 13, 14, 15, 17, 18, 20, 22, 25, 27, 28, 29, 30, 32, 34,35, 36, 37,38, 39, 40, 41, 42,45, 47, 50, 55, 56, 57, 58",0.9,0.18,4.1,reuniens thalamic nucleus,30,ventromedial thalamus,
171019,"59, 60, 61, 62, 66, 67, 68, 69, 70, 71, 72, 73, 74",1.3,0.3,3.4,mediodorsal thalamic nucleus,13,ventromedial thalamus,
171019,"63, 64, 65, 75, 76, 77, 78, 79, 95, 96, 97, 98, 99, 109, 110, 111, 117, 118, 119, 120, 121, 122, 123, 124, 125, 126",1.3,0.2,4.0,submedius thalamic nucleus,26,ventromedial thalamus,
171019,"89, 90, 91, 92, 93, 94, 100, 101, 102, 103, 104, 105, 106, 107, 108, 112, 113, 114",1.1,0.3,3.35,central medial nucleus,18,ventromedial thalamus,
171019,"115, 116",1.1,0.07,4.7,"paraventricular hypothalamic area, medial, parvicellular part",2,paraventricular hypothalamus,
171207,"1,2,3, 12,13,28",1.0,0.3,4.2,reuniens thalamic nucleus,6,ventromedial thalamus,
171207,"4,5,11,14,15,16",1.0,0.2,4.85,"paraventricular hypothalamic area, medial, magnocellular part",6,paraventricular hypothalamus,
171207,"6,7",1.0,0.27,4.5,"paraventricular hypothalamic area, lateral magnocellular part",2,paraventricular hypothalamus,
171207,"8,9,10,17",1.0,0.15,5.1,anterior nucleus of hypothalamus,4,anterior hypothalamus,
171207,"18,23,24,25,26,27",1.4,0.3,4.2,submedius thalamic nucleus,6,ventromedial thalamus,
171207,"19,20,21,22",1.4,0.14,5.1,dorsomedial nucleus of hypothalamus,4,dorsomedial hypothalamus,
171207,"29, 30",1.2,0.22,4.7,"paraventricular hypothalamic nucleus, posterior",2,paraventricular hypothalamus,
171207,31,1.2,0.1,5.45,tuber cinereum area,1,ventromedial thalamus,
171208,"1,2,3,4,5,7,20,21,22,23,24,25,28",1.0,0.38,4.15,submedius thalamic nucleus,13,ventromedial thalamus,
171208,6,1.0,0.16,5.42,ventromedial hypothalamic nucleus,1,ventromedial hypothalamus,
171208,"8,9,11,13,16,17",1.42,0.20,5.2,"ventromedial hypothalamic nucleus, dorsomedial part",6,ventromedial hypothalamus,
171208,"10,12, 32",1.42,0.28,4.7,"paraventricular hypothalamic nucleus, posterior",3,paraventricular hypothalamus,
171208,"14,15,18,19",1.42,0.25,4.95,dorsomedial nucleus of hypothalamus,4,dorsomedial hypothalamus,
171208,"26, 27, 29, 30, 31,33, 34",1.22,0.2,5.2,anterior nucleus of hypothalamus,7,anterior hypothalamus,
171213,"1,2,3,4,5,6,7,8,9,10,14,15,16,17,18,19,28,33",1.0,0.08,4.5,"paraventricular hypothalamic area, medial, parvicellular part",18,paraventricular hypothalamus,
171213,"11,12,13,20,21,22,23,24,25,26,27,29,30,31,32",1.0,0.12,4.3,reuniens thalamic nucleus,15,ventromedial thalamus,
180110,"1,2,11,18,23",0.9,0.26,4.2,reuniens thalamic nucleus,5,ventromedial thalamus,
180110,"3,4,5,6,9,10",0.9,0.17,4.79,"paraventricular hypothalamic area, medial, magnocellular part",6,paraventricular hypothalamus,
180110,7,0.9,0.19,4.64,"paraventricular hypothalamic area, lateral magnocellular part",1,paraventricular hypothalamus,
180110,8,0.9,0.1,5.17,subparaventricular zone,1,anterior hypothalamus,
180110,"12,13,14,15,16,17",1.3,0.17,4.76,dorsomedial nucleus of hypothalamus,6,dorsomedial hypothalamus,
180110,"19,22,24,25,26,27,28,29,30,31,32,33,34,35",1.1,0.25,4.2,"paraventricular hypothalamic nucleus, posterior",14,paraventricular hypothalamus,
180110,"20,21",1.1,0.3,4.1,submedius thalamic nucleus,2,ventromedial thalamus,
180111,"1,2,3,4,5,6,7,8,9,10,11,12,13,15,16,17,18,22,23,24",1.14,0.07,4.5,reuniens thalamic nucleus,20,ventromedial thalamus,
180111,14,1.14,0.04,4.74,"paraventricular hypothalamic nucleus, posterior",1,paraventricular hypothalamus,
180111,"19,20,21",1.54,0.07,5.37,"ventromedial hypothalamic nucleus, dorsomedial part",3,ventromedial hypothalamus,
180131,"1,2,4,5,6,14,15,16",2.1,0.22,4.3,subparafascicular thalamic nucleus,8,ventromedial thalamus,
180131,"3,13,18,19,20,21,22,23,24, 27,29",2.1,0.12,4.83,posterior hypothalamic area,11,posterior hypothalamus,
180131,"7,8,9,10,11,12,25",2.1,0.08,5.06,"dorsomedial hypothalamic nucleus, compact part",7,dorsomedial hypothalamus,
180131,17,2.1,0.27,4.0,parvicellular part of ventral posteromedial nucleus,1,paraventricular hypothalamus,
180131,26,1.7,0.14,4.7,reuniens thalamic nucleus,1,ventromedial thalamus,
180131,"28,30,31",1.9,0.10,5.0,"dorsomedial hypothalamic nucleus, dorsal part",3,dorsomedial hypothalamus,
180221,"1, 35, 36, 48,49, 50",1.42,0.33,4.28,submedius thalamic nucleus,6,ventromedial thalamus,
180221,"2,3,4,12,17,18, 21, 22, 26, 31, 32, 33, 39, 40, 41, 42, 43, 44, 45, 46, 47",1.42,0.32,4.32,reuniens thalamic nucleus,21,ventromedial thalamus,
180221,"5,6,7,8,9,10,11,13,14,15,16, 27, 28, 29, 30, 37, 38",1.42,0.2,5.05,dorsomedial nucleus of hypothalamus,17,dorsomedial hypothalamus,
180221,"19, 20, 34, 51, 52, 53, 54",1.42,0.25,4.8,parvicellular part of ventral posteromedial nucleus,7,paraventricular hypothalamus,
180221,"23, 24, 25",1.42,0.17,5.16,"ventromedial hypothalamic nucleus, dorsomedial part",3,ventromedial hypothalamus,
180228,"1,4,5,6, 24, 25, 74",1.98,0.6,4.33,ventromedial thalamic nucleus,7,ventromedial thalamus,
180228,"2, 11, 12, 13, 14, 15, 16, 17, 18, 21, 22, 23,26, 40, 42, 62, 63, 64",1.98,0.54,4.78,posterior hypothalamic area,18,posterior hypothalamus,
180228,"3,7,8,10, 19, 20, 27, 28, 29, 30, 31, 54, 56, 57, 58, 59, 60, 61, 65, 66,67,68,69, 73, 75, 76, 77,78,79",1.98,0.42,5.5,dorsomedial nucleus of hypothalamus,29,dorsomedial hypothalamus,
180228,9,1.98,0.38,5.7,"ventromedial hypothalamic nucleus, dorsomedial part",1,ventromedial hypothalamus,
180228,"32, 33, 34, 35, 36, 37, 38,39, 41",2.18,0.38,5.6,arcuate nucleus of hypothalamus,9,arcuate hypothalamus,
180228,"43,44,45",1.58,0.55,4.76,subincertal nucleus,3,zona incerta,
180228,"46, 47, 48, 49, 50",1.58,0.44,5.35,ventromedial hypothalamic nucleus,5,ventromedial hypothalamus,
180228,"51,52,53,55,70,71, 72",1.58,0.61,4.40,zona incerta,7,zona incerta,
180302,"1,11,12",2.46,0.36,4.4,posterior hypothalamic area,3,posterior hypothalamus,
180302,"2,3,4,5,6, 13, 14, 15,30,36",2.46,0.24,5.08,dorsal tuberomammillary nucleus,10,tuberomammillary nucleus,mammillary complex
180302,"7, 8,16, 17, 23, 31, 37, 38,39,40, 47",2.46,0.29,4.77,posterior hypothalamic area,11,posterior hypothalamus,
180302,"9, 10, 41,42",2.46,0.16,5.5,premammillary nucleus dorsal,4,premammillary nucleus,mammillary complex
180302,"18, 19, 20, 21",2.66,0.3,4.7,supramammillary nucleus,4,supramammillary nucleus,mammillary complex
180302,"22, 24, 25, 29",2.66,0.17,5.47,medial magnocellular hypothalamic area,4,paraventricular hypothalamus,
180302,"26, 27, 28, 43,44,45,46",2.66,0.14,5.62,arcuate nucleus of hypothalamus,7,arcuate hypothalamus,
180302,"32,33,34,35",2.06,0.27,4.88,"dorsomedial hypothalamic nucleus, compact part",4,dorsomedial hypothalamus,
180419,"1,2,11, 12",1.58,0.34,5.46,"ventromedial hypothalamic nucleus, dorsomedial part",4,ventromedial hypothalamus,
180419,"3, 40, 41, 42, 43, 44,45,46,47,48,49,50",1.58,0.41,5.0,dorsomedial nucleus of hypothalamus,12,dorsomedial hypothalamus,
180419,"4,5,6,7,8",1.58,0.48,4.65,submedius thalamic nucleus,5,ventromedial thalamus,
180419,"9, 10",1.58,0.52,4.37,ventromedial thalamic nucleus,2,ventromedial hypothalamus,
180419,"13,14,15,16,17,18,23",1.78,0.32,5.53,"dorsomedial hypothalamic nucleus, ventral part",7,dorsomedial hypothalamus,
180419,"19,20,21,22,24,25,26,27,28,29,30,31,32,33,34,35",1.78,0.38,5.12,"dorsomedial hypothalamic nucleus, dorsal part",16,dorsomedial hypothalamus,
180419,"36,37,38,39,51,52,53,54,55,56,57,58,59,60,61",1.98,0.46,4.76,posterior hypothalamic area,15,posterior hypothalamus,
180420,1,2.06,0.13,5.38,"dorsomedial hypothalamic nucleus, compact part",1,dorsomedial hypothalamus,
180420,"2, 3, 4, 5, 6,7,8,9,10,11,12,13,14,15,16,17,18,64,65,66,67,68,69,70,71",2.06,0.19,5.01,posterior hypothalamic area,25,posterior hypothalamus,
180420,"19, 20, 21, 22, 23, 24, 25,26,27,28,29,30,31",2.46,0.17,5.1,premammillary nucleus dorsal,13,premammillary nucleus,mammillary complex
180420,"32, 33, 34, 35,36,37,38,39,40,41,42,43,44,45,46,47,48,49,50",2.66,0.15,5.27,medial magnocellular hypothalamic area,19,paraventricular hypothalamus,
180420,"51,52,53,54,55,56,57,58,59,60,61,62,63",2.66,0.2,4.9,"supramammillary nucleus, medial part",13,supramammillary nucleus,mammillary complex
180423,"1,2,3,4",1.82,0.40,5.65,ventromedial hypothalamic nucleus,4,ventromedial hypothalamus,
180423,5,2.42,0.57,4.75,lateral hypothalamic area,1,submammillothalamic nucleus,mammillary complex
180423,"6,7,8,9,10,18,19,20,26,27,28,29,30,31,32,33,34,35,36",1.82,0.46,5.36,dorsomedial nucleus of hypothalamus,19,dorsomedial hypothalamus,
180423,"11, 12,13,14,15,16,17,21,22,23,24,25,51,52,53,54,55,56",1.82,0.57,4.7,posterior hypothalamic area,18,posterior hypothalamus,
180423,37,2.42,0.43,5.5,"premammillary nucleus, ventral part",1,premammillary nucleus,mammillary complex
180423,"38,39,40,41,42,43,44,45,46,47,48,49,50",2.42,0.47,5.3,"premammillary nucleus, dorsal part",13,premammillary nucleus,mammillary complex
