0, 0.206816, 0, 0.121539, 0.195483, 0.15906, 0.212804, 0.203651, 0, 0.200967, 0.201028, 0, 0.21499, 0.239018, 0, 0, 0.174007, 0.240887, 0.156161, 0, 0.163858, 0, 0, 0, 0, 0.265257, 0.274606, 0.164658, 0.123291, 0, 0.226047, 0, 0.222775, 0.222348, 0.187801, 0.150143, 0.17704, 0.115492, 0.193923, 0.183253, 0.212078, 0.188325, 0.185522, 0.183643, 0, 0.238768, 0.169419, 0.226409, 0.192711, 0.205515, 0.193561, 0.21401, 0.248458, 0.282561, 0.230389, 0.151462, 0.157333, 0.282262, 0.929393, 0.169102, 0.206371, 0.129269, 0.21423, 0.196992, 0.308248, 0.196081, 0.349441, 0.190424, 0, 0, 0
0.197385, 0, 0, 0.15055, 0, 0.148016, 0, 0.328851, 0.195615, 0.193723, 0.150763, 0, 0, 0.334371, 0.410625, 0.242907, 0.226234, 0, 0, 0, 0.145005, 0, 0.17905, 0, 0, 0, 0.289922, 0.207753, 0, 0.161739, 0, 0.215699, 0, 0, 0.133345, 0.135173, 0, 0.189032, 0, 0, 0.211328, 0.232769, 0.202722, 0.165965, 0, 0.210667, 0.186196, 0.189649, 0.166879, 0.163618, 0.184489, 0.186846, 0.160005, 0, 0, 0, 0, 0, 1.171949, 0.227589, 0, 0.161666, 0.17904, 0, 0.237618, 0.170234, 0, 0.148173, 0, 0, 0.665232
0, 0, 0, 0, -1.240369, -0.852056, 2.183164, 2.59295, 1.709222, 0.316844, -0.15476, 1.741211, 2.577832, 0, 2.590226, 1.830236, 1.366009, 2.797911, -0.317533, 2.14428, 0, 2.640494, -0.704373, 3.193148, 3.137591, 2.670941, 2.890331, 1.677883, 0.514062, -0.887981, 2.729544, 2.378194, 3.106283, -1.054032, -0.413701, -0.54012, -0.975044, -0.577981, 2.577525, 1.95538, -0.863644, 2.339603, -0.742189, -0.308521, 1.712716, -0.602274, 1.638518, -0.244969, -0.271942, -0.486628, -0.359956, -1.133252, 1.002411, 2.481965, 2.323789, 1.374722, 1.954496, 3.028092, 4.968911, -0.776766, 2.691567, 0, 0, 2.220741, 2.77158, 1.697263, 4.143114, -0.805185, 2.247393, 1.897987, 5.80503
0.145058, 0, 0.510385, 0, 0, -0.073763, 0.497865, 0, 0, 0.147907, 0.241188, 0, 0.602659, 0.634826, 0.849932, 0.473243, 0.428207, 0, 0.305792, 0.392298, 0, 0.90601, 0, 1.157641, 0, 0, 0.701668, 0.360613, 0, 0, 0.527973, 0, 0, 0.360529, 0.238917, 0, 0.382889, 0, 0.415423, 0.425991, 0.42869, 0, 0.425282, 0, 0, 0.153211, 0.371614, 0.190611, 0.168953, 0.215681, 0.181532, -0.087943, 0.267645, 0.617886, 0.455307, 0.268098, 0.400086, 1.026974, 1.886517, 0, 0.537361, 0.17859, 0.13038, 0.439142, 0.673975, 0, 1.068008, 0.379716, 0.737248, 0, 1.608428
0.169087, 0.173042, -1.411289, 0, 0, -1.000312, -1.068589, -0.698099, -0.322869, 0.186307, -0.194063, -0.54682, -0.891016, -0.375997, 1.144512, 1.156906, 0.826012, -0.698556, -0.478774, 1.346459, -0.071125, -0.764158, -1.000539, 2.351762, 1.821435, -1.5692, -1.385457, 1.271591, 0.319981, -1.076376, -1.577415, -1.242895, -1.447895, -1.412329, -0.569116, -0.660559, -1.343292, -0.702556, -1.15432, -1.048614, -1.192797, -1.026148, -1.126535, -0.39275, -0.761897, -0.710881, -0.885899, -0.271882, -0.361265, -0.500601, -0.469681, -1.335759, -0.428144, -0.715126, -1.143287, 0.858763, -1.079151, -1.465185, 2.615148, -1.139094, -1.527682, -0.076012, 0, -1.129802, 2.189696, 1.653477, 3.02396, -0.948402, -1.062322, -0.616561, 4.215788
0.183608, 0, -0.813904, 0, -0.857847, 0, -0.678457, -0.518683, -0.272737, 0.216413, -0.187448, 1.264164, -0.559086, 0, 0, -0.197335, 0.844437, -0.388508, -0.326922, 1.033, 0.190057, -0.41164, -0.537241, 2.085502, 1.666036, -0.922596, -0.88279, 1.053466, 0.290722, -0.6605, -0.843395, -0.749381, -0.778811, -0.842023, -0.319332, -0.3877, -0.745255, -0.415331, -0.678316, -0.685574, -0.725628, -0.601882, -0.623169, -0.233209, -0.460949, -0.433032, -0.59884, -0.180869, -0.126942, -0.380072, -0.271248, -0.954646, 0.824419, 2.129217, -0.716149, 0.993445, -0.716485, -0.869016, 4.056294, -0.807161, -0.856353, 0, 0, -0.707715, 2.019549, 1.457508, 3.502493, -0.672294, -0.751035, -0.410128, 3.908522
0, 0, 2.166397, 0.372315, -0.911864, -0.720068, 0, 2.032981, -0.237421, 0.30998, -0.24014, 1.752643, 2.523882, 0, 2.745321, 1.425197, 1.259938, 2.237792, -0.303947, 1.608595, 0, 1.977295, -0.499999, 3.147005, 2.123277, -0.927432, 2.61373, 1.412722, 0.638401, -0.704487, 2.357487, -0.799497, -0.833956, -0.728297, -0.384195, -0.329226, -0.831613, -0.431178, -0.785033, -0.73063, -0.728733, 2.100314, -0.625228, -0.254329, 1.431307, -0.440906, -0.488656, -0.100391, -0.192606, -0.387774, -0.26845, -1.095151, 1.040958, 2.237409, -0.68324, 1.332584, 1.717802, 1.887626, 4.022619, -1.151906, -0.893002, 0.330927, 0.222467, -0.85698, 2.730785, 0.784535, 3.863612, -0.789471, 2.370469, 1.250003, 4.877961
0, 0, 3.061937, 0.527633, -0.815129, -0.653188, 2.374945, 0, 0, 0.242323, -0.139678, 1.94354, 2.967813, 2.143029, 2.705424, 1.686684, 1.239693, 2.580161, 0.883987, 2.156988, 0.377688, 2.680922, 1.652224, 3.344119, 3.115489, 2.498451, 2.869571, 2.019597, 0.504785, -0.629581, 2.789317, 2.389441, 3.225773, 2.51495, -0.379625, -0.35788, 2.697481, 1.341362, 2.593183, 2.49043, 2.593472, 2.634376, 2.152808, -0.248416, 1.554207, -0.491777, 1.74608, -0.184743, 0, -0.259364, -0.315777, -0.888607, 1.274913, 1.999103, 2.066563, 1.563667, 2.082978, 3.360301, 5.00047, -0.79262, 2.755502, 0, 0, 2.04402, 2.973566, 0.660168, 4.141321, -0.634303, 2.294724, 1.999877, 5.351271
0.202165, 0.210331, 0, 0.393379, 0.912163, 0.761051, 1.109558, 2.268391, 0, 0.310859, -0.114696, 1.834816, 1.38269, 1.541089, 2.0454, 1.297035, 1.26857, 1.197084, 0, 1.257779, 0, 1.758816, 0, 1.992532, 1.338927, 2.154843, 1.755914, 0.867086, 0.350538, 1.049165, 1.191055, 1.399191, 1.717428, 1.703064, 0.685683, 0.451666, 0, 0.882298, 0.980793, 1.456913, 1.225832, 1.990755, 0.846625, 0.314221, 1.159236, 0.69632, 1.243521, -0.045167, 0.441155, 0.625738, -0.10535, 0.446992, 0.772868, 1.192759, 1.232203, 0.86705, 1.461058, 1.482251, 5.234244, 1.008255, 1.185791, 0, 0.154576, 1.133607, 1.876498, 0.854788, 3.063257, -0.273727, 1.770688, 0.941218, 0
0.214782, 0.154285, 0.338382, 0.166603, 0.243801, 0.258165, 0.350687, 0.285764, 0.210754, 0, 0.198932, 0.193237, 0.346167, 0.381304, 0.452742, 0.296252, 0.161058, 0.265169, 0.187667, 0.199552, 0.192045, 0.473362, 0.257517, 0.515457, 0.388989, 0.340465, 0.404778, 0.211642, 0.131948, 0, 0.373108, 0.293947, 0.324749, 0.314391, 0.194615, 0, 0.335751, 0.21954, 0.373878, 0.317561, 0.239864, 0.266384, 0.21224, 0.151672, 0.248698, 0.263412, 0.212042, 0.223758, 0.205801, 0.197904, 0.221953, 0.272694, 0.223586, 0.315419, 0.301999, 0, 0.237529, 0.426888, 0.928596, 0.357108, 0.36737, 0.170006, 0.208325, 0.314869, 0.190424, 0.154285, 0.606799, 0.258426, 0.441191, 0.239626, 0.68859
0.183048, 0.155062, -0.298619, 0.113905, -0.297522, -0.341754, -0.426961, -0.288912, -0.105464, 0.219127, 0, 0.781309, -0.280611, -0.256802, 0.704615, -0.189582, 0.467081, -0.324842, -0.153323, -0.0952, 0.198886, -0.418403, -0.315995, -0.257893, -0.321645, -0.398017, -0.372898, 0.530933, 0.136617, -0.244047, -0.371829, -0.331678, -0.343018, -0.310204, 0.380939, 0.58751, -0.286771, -0.144355, -0.328912, -0.310778, -0.312307, -0.284912, -0.222496, 0.284708, -0.174789, -0.130823, -0.224933, 0.276925, -0.138212, -0.196166, -0.088465, -0.424613, -0.198774, -0.428079, -0.421509, 0.394443, 0.823672, -0.464428, 2.092807, -0.414468, -0.366585, 0.137607, 0.190495, -0.41435, 1.35163, 0.432564, 1.290816, -0.341555, -0.518445, -0.262877, 1.707956
0.219405, 0, 1.862704, 0.539182, 0, 0.859216, 0, 1.704315, 0, 0, -0.057132, 0, 1.610663, 2.433452, 2.712744, 1.625114, 0.849177, 1.691161, 0.489717, 1.479063, 0, 1.260761, 0, 1.537514, 1.497734, 1.609154, 2.146138, 1.242875, 0.394491, 0, 1.625554, 1.584115, 1.888583, 1.474753, -0.091062, -0.176512, 1.609522, 0.751133, 1.760219, 0, 1.275333, 1.101081, 1.307221, 0, 0.894029, -0.157028, 0, 0.537564, -0.07867, 0, 0.992972, -0.173847, 0, 1.850092, 0, 0.833258, 1.386381, 2.938923, 5.278045, 0, 1.657174, 0.480477, 0.193817, 0, 0.862116, 0.71551, 3.369758, -0.157487, 1.883914, 1.248529, 4.706636
0, 0.290352, 2.652533, 0, -0.965038, -0.727117, 2.38721, 2.801, 1.425579, 0.276373, -0.170229, 2.025306, 0, 2.86014, 3.035815, 1.580221, 2.55854, 2.812791, 1.207372, 1.934213, 0.390364, 2.655217, 2.068409, 3.324754, 3.484825, 2.76108, 2.941442, 1.719117, 0.531386, -0.801473, 2.755905, 2.255503, 2.762685, -0.803272, -0.383804, -0.432614, 2.55116, -0.501704, 2.616452, 2.215687, -0.803407, 2.409178, 1.824192, -0.301229, 1.489431, -0.514771, 1.764771, -0.1722, -0.116231, -0.348528, -0.300032, -1.093187, 1.012878, 2.944453, 2.239519, 1.808848, 2.15476, 3.116148, 0, -0.767243, 2.279076, 0.479325, 0, 2.598875, 2.975194, 0.755192, 4.548989, -0.712131, 2.664289, 1.80026, 0
0, 0.257568, 3.238795, 0.54534, 1.707168, 2.006564, 2.628606, 2.535198, 1.494318, 0.447387, -0.225357, 1.862835, 2.318765, 0, 3.474203, 1.711321, 1.270375, 3.004157, 1.126089, 2.087178, 0.350581, 2.036665, 1.596796, 3.771518, 4.321726, 3.362245, 3.517675, 2.690002, 0.875006, 0.86169, 2.87661, 2.834359, 2.951317, 2.469586, 1.084959, 1.074748, 2.720181, 1.511039, 2.974105, 2.153993, 2.36053, 3.003507, 0, 0.661594, 2.395376, 1.156562, 2.234006, -0.227751, 0.603728, -0.321813, -0.377522, 1.649183, 0.847595, 2.990487, 2.59964, 1.229511, 1.948316, 3.98316, 6.34764, 2.091047, 1.673609, 0, 0, 2.073305, 2.454903, 1.601948, 0, 0.914353, 2.998339, 1.051459, 0
0, 0, 3.289863, 0.826146, 1.912078, 2.014396, 1.935603, 3.194969, 3.566203, 0.448465, 0.411944, 3.182476, 3.740298, 3.1318, 0, 2.670275, 1.510842, 3.212817, 1.420168, 2.67742, 0.643343, 3.164889, 1.196925, 4.297784, 3.471111, 3.197734, 3.326676, 2.199566, 1.063789, 1.508685, 3.128364, 3.088855, 2.614472, 2.789317, 0.921212, 1.501187, 2.213239, 1.621554, 2.172036, 3.24337, 2.986291, 3.435752, 2.507288, 0.564317, 1.943968, -0.230908, 2.360239, 0.413438, 0.729102, 0, 0.751705, 1.508956, 1.29471, 3.768452, 3.667382, 1.843747, 2.432576, 3.738306, 0, 2.353962, 3.12305, 0.650344, 0.29472, 1.836498, 2.557652, 1.786918, 5.843433, 1.050907, 2.529855, 1.877149, 0
0, 0, 1.901709, 0, 0.712517, -0.252168, 1.223364, 2.056746, 1.239703, 0.242743, -0.160991, 0, 2.082978, 0, 3.301103, 0, 1.315989, 1.981082, 0, 1.237234, 0.290881, 1.606693, 0.974195, 2.42934, 2.514714, 1.730495, 2.50197, 1.159542, 0, -0.239846, 1.946184, 1.516898, 1.977322, 1.286337, 0.613321, 0.911753, 1.450628, 0.628572, 1.609572, 1.421898, 1.363404, 1.581771, 1.183416, 0, 0.731047, 0.619472, 1.088299, -0.105565, -0.128102, -0.251279, -0.154375, -0.350118, -0.218026, 1.738666, 1.684109, 0.964087, 1.616983, 2.861656, 5.107928, 1.077072, 1.513181, 0, 0, 0.948193, 2.041311, 1.002019, 3.270731, -0.327534, 1.93597, 1.039447, 3.733249
0.161293, 0, 1.148642, 0.401157, 0.533128, 0.674798, 0.910163, 1.072175, 1.345059, 0, 0.302144, 0.986715, 1.976798, 1.283114, 1.357142, 1.224551, 0, 0.794337, 0, 0.910084, 0.156817, 1.294391, 0, 2.135886, 1.28836, 1.260184, 1.562474, 1.015854, 1.071132, 0.531452, 1.348675, 1.055426, 1.011109, 1.091062, 0.398934, 0, 1.271543, 0.473406, 1.162717, 1.099567, 1.024546, 1.270588, 1.019363, 0, 0.644381, 0.181886, 0.711269, 0, 0.280037, 0, 0.27004, 0.367292, 0.513738, 0.980114, 1.091603, 0.425746, 1.198059, 2.914998, 1.917167, 0.909155, 0.966563, 0.380906, 0, 0.561096, 0.611144, 0.528616, 3.217947, 0.437742, 1.601948, 0.810762, 2.362875
0, 0.265207, 2.592912, 0.534353, -0.624624, -0.70087, 2.118843, 1.857521, 1.783045, 0.316404, -0.280642, 1.249053, 2.728298, 0, 0, 0, 1.035583, 0, -0.284508, 2.191699, 0, 2.755363, -0.465377, 3.351127, 2.733757, 2.189431, 2.402949, 2.308338, 0.82568, -0.289292, 2.834549, 2.566066, 2.25606, 2.47466, -0.315931, 1.153377, 2.618149, 1.258237, 2.640471, 1.855072, 2.248973, 2.755834, 2.20818, -0.181132, 1.249527, -0.409408, 1.647927, -0.131201, -0.140067, -0.270598, -0.308603, -0.968539, 0.781135, 2.08693, 1.303656, 1.375767, 2.156666, 2.463345, 5.709769, 1.293363, 2.486941, 0, 0.29654, -0.669202, 3.201524, 1.601804, 5.443296, -0.647312, 2.17675, 1.60605, 4.581877
0.127187, 0.132451, -0.346147, 0, -0.342328, -0.328505, -0.292562, 1.048395, 0.799249, 0.173009, -0.083708, 0.507479, 1.028169, 0, 1.192266, 0.544626, 0.487435, -0.242199, 0, 0.86645, 0.196255, 1.060409, -0.264227, 1.482719, 0.919952, -0.305407, 1.373511, 0.601755, 0.191262, -0.228217, 1.201074, -0.256899, 1.346052, -0.340479, -0.161392, -0.159563, -0.271967, -0.185041, 1.130958, -0.226064, -0.328807, 1.035011, 0.772544, -0.104557, -0.214895, -0.182847, -0.229824, 0.24289, -0.08326, -0.163315, -0.129485, -0.414535, 0.530925, 1.017054, -0.307715, 0.47973, -0.224068, 1.600249, 3.418967, -0.299468, 1.267562, 0, 0.12565, -0.371691, 1.392076, 0.860996, 1.797386, -0.305812, 0.97321, 0.717148, 2.737938
0, 0, 1.887895, 0, 1.220551, 1.003505, 1.448031, 2.221002, 0.817778, 0, -0.086358, 1.50968, 1.510262, 2.028079, 2.31439, 1.585229, 1.061278, 1.889786, 0.701394, 0, 0, 1.530346, 1.153855, 2.684345, 2.181237, 2.10553, 1.95778, 1.190478, 0.495368, -0.269896, 2.043668, 1.730189, 2.004402, 1.316926, 0.463217, 0.674079, 1.18368, 0, 1.393696, 1.484079, 1.330308, 1.25217, 1.112156, -0.121309, 1.233871, -0.21003, 1.172863, -0.109637, -0.08978, -0.230338, 0.626078, -0.361901, 0.970999, 1.963614, 1.302063, 1.029904, 1.424015, 2.028565, 5.260438, 1.222384, 1.825529, 0, 0, 1.866922, 1.864879, 0.527659, 2.310374, -0.246837, 1.817125, 1.446486, 3.285242
0.175893, 0.152796, 0, 0.167396, -0.045142, 0, 0.27674, 0.365122, 0.294687, 0.169806, 0, 0, 0, 0, 0.499604, 0, 0.177934, 0.247992, 0.176637, 0, 0, 0.461211, 0, 0.544408, 0, 0, 0.487521, 0, 0.218074, 0.165312, 0, 0, 0, 0.286126, 0, 0.211511, 0, 0, 0.359207, 0.298865, 0, 0.3319, 0, 0.23262, 0, 0.193333, 0, 0.138493, 0.200038, 0.22098, 0.202504, 0.269131, 0.275279, 0.258527, 0, 0, 0, 0.589531, 1.040082, 0, 0, 0, 0.19132, 0.220811, 0.377858, 0.235106, 0, 0, 0, 0, 0
0, 0, 3.269055, 0, -0.575052, -0.589082, 1.667519, 3.070108, 1.639759, 0.437952, -0.222139, 2.249583, 2.945486, 1.734395, 2.361672, 1.165591, 1.863132, 2.189471, 1.120445, 1.393514, 0, 0, 1.586301, 3.652613, 3.113623, 2.063783, 3.311821, 1.661503, 0.676766, -0.546523, 2.446735, 2.327265, 2.332334, 1.814041, 0.970655, 1.294293, 1.801581, -0.332989, 2.079909, 2.373753, -0.612677, 2.367805, 1.769075, -0.145933, 1.519018, -0.321752, 1.303233, -0.152047, 0.768118, -0.393969, -0.25197, -0.852559, -0.294379, 2.014712, -0.574517, 1.708044, 2.09484, 3.085245, 0, -0.680509, 2.429472, 0.426313, 0, -0.613559, 3.407512, 1.155888, 4.769597, -0.761021, 2.320421, 2.24375, 5.464459
0.147669, 0.221932, -0.53908, 0, -0.736483, -0.670035, -0.709502, 1.202224, 0.976628, 0.251914, -0.271729, 1.388047, 1.617819, 0, 1.465917, 0, 0.692591, -0.361201, -0.2827, 1.11069, 0, 1.452738, 0, 1.580555, 1.345935, -0.600535, 1.760814, 1.442242, 0, -0.514169, -0.658087, -0.510419, -0.725981, -0.648156, -0.280514, 1.162568, -0.704119, -0.411683, -0.571047, -0.620625, -0.645166, -0.525885, -0.52975, -0.242006, -0.388355, -0.40956, -0.517909, -0.138647, -0.148556, -0.368254, -0.195708, -0.749603, -0.233887, -0.613788, -0.573438, 0.826678, -0.497355, 2.528387, 3.164552, -0.76578, -0.805511, 0, 0.181879, -0.587145, 2.121834, 1.270074, 3.139148, -0.677643, -0.523162, -0.382088, 2.813298
0.272972, 0, 2.851331, 0.647007, 1.763705, 1.47768, 2.397672, 2.888652, 1.738259, 0.304972, -0.088985, 2.659504, 2.993118, 3.252415, 2.797002, 2.233292, 2.276159, 3.990318, 1.263557, 1.593099, 0.512545, 3.570221, 2.092614, 0, 3.532211, 2.828993, 3.017984, 1.96272, 0.658231, -0.452038, 3.029525, 3.021157, 2.834184, 2.154051, 1.14692, 0.759871, 2.825687, 1.003525, 2.335337, 2.903138, 1.979654, 2.853516, 2.298236, 0.567371, 1.504043, -0.342298, 1.625911, -0.125776, 0.821371, 0.733417, 0, -0.577363, 1.083083, 3.100647, 2.130161, 1.83907, 2.678233, 3.799884, 0, 2.063195, 3.38398, 0.654061, 0, 3.13039, 4.05534, 0.67115, 5.207071, -0.449495, 3.527099, 1.926918, 0
0.303774, 0.398661, 2.697375, 0.940767, 1.322565, 1.753683, 1.584964, 2.505533, 2.607859, 0.362577, -0.092779, 2.926546, 2.646677, 0, 4.017613, 2.461127, 2.195783, 2.913132, 1.471006, 2.59907, 0.482133, 2.51675, 2.092083, 3.391981, 0, 2.663456, 3.28939, 2.23091, 1.074434, 1.280713, 2.832698, 2.772158, 3.024674, 2.754988, 0.951437, 1.176529, 2.768203, 1.289284, 2.929013, 2.731582, 2.031079, 2.672174, 2.18402, 0.656196, 2.156563, -0.228693, 2.106621, 0, 0.68855, -0.117251, 0.579086, 1.708799, 0.785928, 3.59388, 1.961578, 1.694789, 2.013269, 4.034595, 0, 1.471181, 3.016387, 0.561704, 0.283255, 2.416807, 3.441079, 0.703473, 4.718025, -0.326129, 2.620992, 2.401556, 0
0, 0, 2.691086, 0.445662, -1.063312, -0.814732, -0.670569, 2.317233, 0, 0.345152, -0.146631, 1.510609, 2.344366, 0, 2.823891, 1.364315, 1.526778, 2.872113, -0.347721, 1.961181, 0.309922, 2.487482, -0.500248, 3.131046, 2.567585, 0, -0.815328, 1.754119, 0.586069, -0.847657, -1.086072, -0.720724, -1.042032, -1.07726, -0.386472, -0.459835, -0.993045, -0.492818, -0.644695, -0.606468, -0.864249, 2.302246, -0.68817, -0.269336, 1.118589, -0.547222, -0.415872, -0.195433, 0, -0.307771, -0.38331, -1.229245, -0.231247, 2.274225, -0.59805, 1.375428, 2.46713, 2.518198, 5.856022, -0.784977, 2.616057, 0, 0, -0.579424, 3.123597, 1.844521, 4.441017, -0.718613, 2.178758, 1.402467, 6.853491
0, 0, 2.986507, 0, -1.1944, -0.934646, 2.135372, 2.927772, -0.211395, 0.307106, -0.213016, 1.941008, 2.697026, 0, 3.15294, 1.587607, 1.407362, 2.70923, 1.181836, 2.007453, 0.442381, 3.082178, 1.956469, 3.336685, 2.880793, -1.442504, 0, 1.941292, 0.380144, -0.910067, -1.485912, -0.811451, -1.276478, -1.18632, -0.455149, -0.588351, -1.109963, -0.464671, 2.522285, 2.334661, -1.042772, 2.787633, -0.802372, -0.357472, -0.547763, -0.649479, -0.6345, -0.214536, -0.284244, -0.280566, -0.322416, -1.292551, 1.049775, 2.577642, 1.92195, 1.38882, 2.347772, 2.588502, 6.625682, -0.887522, 3.268566, 0, 0, 2.327278, 2.985236, 1.684335, 4.0684, -0.780728, 2.089586, 2.093301, 5.80185
0, 0.255909, 1.597249, 0, 0.93743, 0.74321, 1.027997, 1.783179, 0.916792, 0.175017, 0, 0.92559, 1.256153, 1.452598, 2.110192, 1.236821, 0.852099, 1.215403, 0.628989, 0.868116, 0.314586, 1.748581, 0.863726, 2.076111, 1.392094, 1.47195, 1.412598, 0, 0, -0.121631, 1.418323, 1.084663, 1.291892, 1.265051, 0.31729, 0.425133, 1.092887, 0, 1.25469, 1.186434, 0.954713, 1.040222, 0.963155, 0, 0.686835, -0.13086, 1.066094, -0.045708, 0, 0.431572, 0, -0.25268, 0.597529, 1.504289, 0.917392, 0.935647, 1.117227, 1.784273, 5.466213, 1.107239, 1.522173, 0, 0.190201, 1.339924, 1.635221, 0.63832, 2.79036, 0, 1.351063, 1.195517, 3.948636
0.189259, 0.131218, 0.546509, 0, 0.226953, 0.251015, 0, 0.527925, 0, 0.133814, 0.173483, 0.438327, 0, 0.767052, 1.013111, 0.602041, 0.826931, 0, 0.231977, 0.422082, 0, 0.458257, 0.376827, 0.806586, 0.505, 0, 0.505861, 0, 0, 0.22017, 0.458264, 0, 0.403358, 0.308904, 0, 0, 0.45988, 0, 0, 0.587414, 0.293071, 0, 0, 0.190439, 0.397175, 0.234489, 0.284336, 0.133902, 0.169365, 0.196643, 0.209186, 0, 0.237978, 0.506066, 0.361109, 0, 0.37524, 0.691497, 2.565974, 0.353125, 0.445245, 0.129036, 0.159888, 0.437476, 0.569346, 0.210029, 1.121613, 0.226123, 0.419752, 0, 2.217548
0.216575, 0, -0.880388, 0.291864, -0.947012, -0.79549, -0.841084, -0.530997, -0.228116, 0.261735, -0.131237, -0.490294, -0.594802, 1.260703, 1.108477, -0.166179, 0.670089, -0.57513, -0.347595, -0.18476, 0.221689, -0.514978, -0.657997, -0.538565, 1.198854, -1.08201, -1.00611, -0.368682, 0.266577, 0, -1.076265, -0.876501, -1.110697, -1.030047, -0.477172, -0.481098, -0.939531, -0.541878, -0.865994, -0.733991, -0.843837, -0.695961, -0.81763, -0.279943, -0.583428, -0.50894, -0.654066, -0.186434, -0.113466, -0.32049, -0.325907, -1.006129, -0.262563, -0.521675, -0.792574, 0.580937, -0.749798, -0.99058, 3.252914, -0.820765, -1.031781, 0.337174, 0, -0.866583, 1.966972, 1.375841, 2.53065, -0.646344, -0.756512, -0.448483, 3.549897
0, 0.231298, 2.751707, 0, -1.193243, -0.853104, 2.181847, 2.453414, 1.983417, 0.28251, -0.184163, 1.560854, 2.512739, 0, 2.483315, 1.663623, 1.512323, 2.689498, 1.274505, 1.863881, 0.368295, 2.588608, -0.562465, 3.242821, 2.515661, -1.462503, -1.002885, 1.806559, 0, -0.926338, 0, -1.033058, -1.231001, -1.196937, -0.501593, -0.54604, -1.059947, -0.551966, 2.247745, -0.719865, -0.98986, 2.424907, 2.186486, -0.310036, -0.528774, -0.60798, -0.701479, -0.244481, -0.12924, -0.344482, -0.408127, -1.231014, -0.243894, 1.867912, -0.727075, 1.268175, 2.388851, 3.884924, 6.699376, -0.844573, 2.756515, 0.430042, 0, 2.493863, 3.182251, 1.728017, 4.843232, -0.830936, 2.285983, 2.110627, 6.266753
0.226057, 0, 2.332344, 0.37067, -1.020013, -0.969747, -0.728423, 2.291582, -0.166641, 0.259867, -0.175133, 1.433629, 2.421777, 0, 1.953362, 1.145948, 1.408352, 2.56956, -0.340662, 1.514166, 0, 1.685198, -0.559, 3.034311, 2.302593, -1.048474, -0.909716, 1.482706, 0.326291, -0.807395, -0.996054, 0, -1.000547, -0.957342, -0.426921, -0.497894, -0.883092, -0.455346, -0.847831, -0.657087, -0.883732, 1.984052, -0.65733, -0.289043, 1.496883, -0.52227, -0.588134, -0.205595, -0.142737, -0.370256, -0.367544, -1.06661, -0.274435, 1.81358, -0.643509, 1.110492, 2.145164, 2.41607, 5.466059, -0.887656, -0.968824, -0.091641, 0.157349, 1.789701, 2.942123, 1.519324, 3.910593, -0.7697, 2.140107, 1.887036, 5.608474
0, 0.257715, 2.61727, 0.435514, -1.159274, -0.956826, -0.71841, 2.57832, 0, 0.232073, -0.147403, 1.837898, 2.627198, 0, 2.777093, 1.551731, 1.300045, 2.162065, 1.163927, 1.592519, 0.521843, 1.915028, -0.744002, 3.014207, 2.695517, -1.371845, -1.0614, 1.594122, 0.537531, -0.9655, -1.468158, -0.99701, 0, -1.351287, -0.515044, -0.612309, -1.235385, -0.556535, -0.955038, -0.672308, -1.144382, 2.427915, -0.841554, -0.351377, -0.584574, -0.65625, -0.806713, -0.218036, -0.10614, -0.357955, -0.387037, -1.171176, -0.248425, 2.27804, -0.793186, 1.543902, 2.371074, 2.533826, 5.876344, -0.805763, 2.573864, 0.410832, 0, -0.725095, 2.969649, 1.981011, 3.655494, -0.816653, 2.287029, 2.100122, 5.79666
-0.034467, 0.218048, -0.830311, 0, -1.115773, -0.866424, -0.701687, 2.143533, -0.271262, 0.288782, -0.178367, 1.248086, -0.583669, 0, 1.496642, 1.568822, 1.354086, 2.483173, -0.309311, 1.571174, 0.564357, 1.911354, -0.701522, 3.188996, 2.209869, -1.254889, -1.05464, 1.152171, 0.378959, -0.869129, -1.135657, -0.823658, -1.277692, 0, -0.533836, -0.56134, -1.214931, -0.620652, -1.134233, -0.926776, -0.925291, -0.82218, -0.8976, -0.319369, -0.527535, -0.642685, -0.686065, -0.288321, -0.130301, -0.398186, -0.468203, -1.154198, -0.306654, 1.807347, -0.701415, 1.311756, -0.743683, 2.754297, 5.605038, -0.829074, -1.162889, -0.076278, 0, -1.080889, 3.052964, 1.693012, 3.523096, -0.834972, -0.851247, 1.416862, 5.187341
0.138954, 0.110745, -0.198692, 0.169087, -0.235662, -0.207521, -0.164152, 0, 0, 0.121235, -0.060794, -0.224866, -0.130562, 0, 0, 0, 0.530988, -0.150663, -0.098496, 0.375369, 0.267599, 0.78788, -0.253515, 0.815056, 0, -0.234076, -0.218546, 0.551928, 0.19442, -0.170973, -0.212127, -0.244191, -0.347334, -0.30232, 0, -0.128558, -0.251209, -0.1629, -0.223551, -0.182316, -0.228203, -0.164723, -0.203303, 0.228412, -0.155529, -0.144723, -0.17552, -0.04097, -0.117513, -0.064242, -0.108725, -0.266212, -0.062136, 0.787824, -0.181677, 0.334366, -0.24146, 0, 3.298905, -0.215313, -0.313272, 0, 0.168781, -0.260934, 1.07431, 0.64906, 1.479637, -0.136969, -0.133887, -0.162255, 2.41827
0.138105, 0.116829, -0.253121, 0.190161, -0.28853, -0.209522, -0.1246, 0, 0.955526, 0.249156, -0.076215, -0.281275, -0.112424, 1.674328, 0, 0, 0.518042, 0, -0.096068, 0, 0.14737, 0, -0.136753, 0.941081, 0, -0.274601, -0.264074, 0.685504, 0.180104, -0.237594, -0.180566, -0.264874, -0.328023, -0.296607, -0.139828, 0, -0.3336, -0.198579, -0.213663, -0.159616, -0.250834, -0.214485, -0.246862, -0.090394, -0.156916, -0.168397, -0.199319, 0.428536, -0.133703, -0.102498, 0.806564, -0.271225, -0.078578, -0.159783, -0.230351, 0.425128, -0.319954, 0, 3.41448, -0.274442, -0.321925, 0, 0.102181, -0.212131, 1.216915, 0.620793, 0.908018, -0.252866, -0.239416, -0.127617, 2.796414
-0.048957, 0.236874, -1.024642, 0.511178, -1.126584, -0.986001, -0.706235, 2.275655, 1.568728, 0.334852, -0.169167, 1.556547, 2.262441, 0, 3.200261, 1.190531, 1.597624, 2.989639, -0.369814, 1.412352, 0.31075, 2.271807, -0.669617, 3.35369, 2.033363, -1.467442, -0.977831, 1.127315, 0.301652, -0.968407, -1.301932, -0.923019, -1.454112, -1.238916, -0.510205, -0.582013, 0, -0.538005, -0.998572, -0.859408, -1.127139, -0.810264, -0.933401, -0.343189, -0.528423, -0.606156, -0.593486, -0.257972, -0.336022, -0.465064, -0.42201, -1.265353, -0.270286, 2.053834, -0.81228, 1.341841, 2.175393, 2.393826, 5.68655, -0.865842, -1.350438, -0.066431, 0, -0.965003, 2.864664, 1.582614, 4.114277, -0.931582, 2.443808, 2.010833, 5.779964
0.134356, 0, -0.421231, 0, -0.416619, -0.383234, -0.22224, 1.177891, -0.170388, 0.125668, -0.071139, 0.880366, -0.265481, 0, 0.935696, 0.716883, 0.646483, 0.988842, -0.207319, 0.565998, 0.181998, -0.242382, -0.310873, 1.148525, 1.084035, -0.464951, -0.417014, -0.160794, 0.338247, -0.355876, -0.381084, -0.331746, -0.51716, -0.434249, -0.198992, -0.191779, -0.358781, 0, -0.301655, -0.327296, -0.335538, -0.326899, -0.28719, -0.102796, -0.247488, -0.228373, -0.234753, -0.08922, -0.132677, -0.187806, -0.157157, -0.512515, -0.124095, 0.835228, -0.354481, 0.572787, -0.379158, 1.199824, 4.112923, -0.3411, -0.45911, 0, 0, -0.319932, 1.538225, 0.898032, 1.674946, -0.342691, -0.266609, -0.277032, 3.34127
0, 0, 2.422015, 0, -0.796997, -0.713691, -0.445114, 2.51042, 1.65012, 0.320113, -0.134855, 1.539942, 2.350894, 0, 3.366307, 1.040179, 1.427119, 2.360624, 1.058449, 1.703732, 0, 2.275202, -0.416593, 2.259699, 2.609803, -0.721712, 2.582921, 1.352465, 0.57839, -0.687137, 2.395459, -0.670357, -0.902, -0.823757, -0.401632, -0.45148, -0.874059, -0.487232, 0, 1.932873, -0.80627, 2.026782, 1.689274, -0.30245, 1.133581, -0.510328, 1.743735, -0.194502, -0.110735, -0.303106, -0.254689, -0.946269, 0.993861, 1.325018, -0.472607, 1.477321, 2.068143, 3.560812, 6.429244, -0.523541, -0.808547, 0.332566, 0, -0.557586, 2.917953, 1.664304, 4.446855, -0.614188, 1.849175, 2.018652, 5.5862
0, 0, 2.349466, 0.369282, -0.730889, -0.676308, -0.556293, 2.281236, 0, 0.239953, -0.151967, 1.697111, 1.978786, 1.265534, 1.996652, 1.725614, 1.147404, 2.345538, -0.216006, 1.528432, 0.298399, 2.770251, -0.490703, 3.048095, 2.178677, -0.799134, 2.519348, 1.693219, 0.395043, -0.678559, -0.642554, -0.51341, -0.657031, -0.716005, -0.372339, -0.346326, -0.694356, -0.45159, 1.916248, 0, -0.748985, 2.263785, -0.429899, -0.247814, -0.381305, -0.430464, -0.475236, -0.146046, -0.081105, -0.306826, -0.25197, -0.950726, 0.87001, 2.293164, -0.430611, 1.214433, 1.974023, 2.913537, 5.80167, -0.593889, -0.697379, 0, 0, -0.563549, 2.86746, 1.52316, 3.718272, -0.54588, 2.263664, 1.342239, 5.056536
0.15071, 0, -0.884812, 0, -0.958402, -0.803991, -0.593909, 2.244499, -0.206921, 0.176561, -0.165256, 1.714587, -0.488762, 1.252623, 0, 1.293948, 1.086724, 1.881466, -0.338355, 1.383766, 0.351748, -0.54461, -0.631941, 2.906898, 1.518542, -1.043337, -0.864462, 1.26343, 0.317614, -0.754186, -0.97262, -0.724367, -0.894208, -1.127046, -0.423924, -0.477951, -0.997898, -0.543527, -0.857642, -0.617448, 0, -0.734859, -0.714815, -0.287067, -0.539351, -0.511438, -0.56537, -0.197522, -0.197044, -0.347651, -0.33546, -1.071227, 0.565201, 2.287001, -0.646683, 1.00431, -0.595288, 2.18226, 5.691982, -0.780825, -0.957404, 0, 0, -0.765601, 2.675671, 1.457776, 3.8401, -0.805374, -0.640434, 1.557453, 5.625453
0.16737, 0, 2.389955, 0.519126, -0.563231, -0.648375, 1.622683, 2.625975, 0, 0.190931, -0.124387, 1.552749, 2.199267, 0, 1.844891, 1.311872, 1.367424, 2.081562, 0.851534, 1.858635, 0, 1.740036, -0.480161, 2.591748, 2.416916, 2.448961, 2.455936, 1.4452, 0.44228, -0.437281, 2.578708, 2.030467, 2.564134, -0.625383, -0.320364, -0.406657, -0.542876, -0.366288, 2.080537, 1.531837, -0.520604, 0, 1.620493, -0.198686, 1.335498, -0.41737, 1.398641, -0.185154, -0.243768, -0.280529, -0.279516, -0.781168, 0.798089, 2.409226, -0.471476, 1.012944, 2.071323, 2.041491, 6.308931, -0.425781, 2.54306, 0.509659, 0.201914, 1.347062, 2.727126, 1.532653, 3.927195, -0.551345, 1.964123, 1.421748, 5.436227
0.153963, 0, -0.490022, 0, -0.684818, -0.591044, -0.420201, 2.083016, 0.830506, 0.182182, -0.120036, 1.101339, 1.691118, 2.489592, 0, 1.194909, 1.17896, 2.288353, 0.764391, 1.131206, 0.347441, 1.849973, -0.508969, 2.566372, 2.199242, -0.567968, -0.481697, 1.18529, 0.251114, -0.476914, 2.050426, -0.48312, -0.596389, -0.610488, -0.298447, -0.369628, -0.504397, -0.391652, 1.980606, -0.454415, -0.571377, 1.656956, 0, -0.199737, -0.379514, -0.394017, -0.324248, -0.125419, -0.085388, -0.240927, -0.253041, -0.717601, 0.724446, 1.758046, -0.409157, 0.867886, -0.520705, 2.249859, 6.150342, -0.442678, 2.082205, 0.263789, 0, -0.467234, 1.950144, 1.178486, 3.123698, -0.448461, 1.400887, 1.2415, 5.12333
0.141491, 0.11509, -0.229796, 0.135171, -0.253162, -0.205477, -0.226245, -0.145764, -0.099355, 0.22353, -0.036008, -0.171651, -0.194481, 0, 0, 0.357237, 0.469291, -0.208309, -0.104176, 0, 0, -0.110664, -0.247608, 0.619748, 0, -0.287106, -0.28303, -0.106591, 0.107377, -0.177326, -0.247446, -0.233545, -0.278321, -0.236359, 0.36636, -0.120989, -0.21727, -0.14402, -0.252735, -0.179899, -0.239376, -0.237372, -0.199827, 0, -0.17353, -0.134316, -0.221755, 0.387718, -0.110888, -0.061365, -0.098885, -0.288312, -0.105287, 0.565363, -0.205973, 0.303288, -0.233536, -0.148329, 1.785268, -0.217308, -0.29724, 0, 0.166312, -0.255347, 0.800631, 0.517938, -0.251646, -0.156185, -0.20918, -0.143031, 1.42778
0.121057, 0.234575, 1.612167, 0.325273, -0.362011, -0.281559, 1.007751, 1.637361, 0, 0.153082, -0.069416, 0.731469, 1.365057, 0, 1.101248, 0.648015, 0.962834, 1.592243, -0.161861, 0.888107, 0.326517, 0, -0.394941, 1.319164, 0, 1.47295, -0.167279, 0.792088, 0.251321, -0.314104, -0.217359, 1.270664, -0.202202, -0.295968, -0.176121, -0.139359, -0.350845, -0.198616, 1.166389, -0.261576, -0.295699, 1.257566, -0.242668, -0.099058, 0, -0.250157, -0.281254, -0.069876, -0.127042, -0.145258, -0.065254, -0.433724, 0.598426, 1.215869, -0.249155, 0.777489, -0.272874, 2.298823, 4.759869, -0.252075, 1.458926, 0, 0.14259, -0.29031, 1.532184, 0, 2.37414, -0.258618, 1.339327, -0.191511, 3.963502
0.173989, 0.135984, -0.324684, 0.172855, -0.307635, -0.277117, -0.284795, -0.188601, -0.102468, 0.182096, 0.085832, -0.259689, -0.2228, -0.165066, 0, -0.060866, 0.266202, -0.297573, -0.128033, -0.137223, 0.2196, -0.162106, -0.362082, -0.157378, -0.12872, -0.32761, -0.320156, -0.175323, 0.12617, -0.210882, -0.312329, -0.233471, -0.309714, -0.324164, -0.111322, -0.159618, -0.287794, -0.16919, -0.283175, -0.305746, -0.275123, -0.321471, -0.258853, -0.030853, -0.260755, 0, -0.246431, 0.473347, -0.086798, -0.045018, -0.102432, -0.307521, -0.081745, -0.227953, -0.283989, 0.277325, -0.310786, -0.284336, 1.608023, -0.266356, -0.394548, 0.218294, 0.238669, -0.333651, 0.834922, 0.636451, 1.041381, -0.169439, -0.230204, -0.260956, 1.515731
0, 0.242573, 1.769817, 0, -0.613794, -0.533355, -0.449411, 1.837247, -0.15046, 0.207006, -0.146648, 1.40662, 1.4541, 0, 1.565705, 0.921987, 1.146206, 1.741112, -0.213557, 1.00031, 0, 1.654773, -0.480206, 1.607638, 1.69385, -0.532305, -0.463113, 0.785839, 0, -0.452262, -0.428101, -0.474276, -0.582646, -0.575343, -0.294618, -0.295234, -0.457551, -0.348923, 1.431299, -0.412501, -0.505602, 1.549017, -0.49773, -0.169428, -0.312619, -0.383117, 0, -0.166687, -0.12619, -0.199444, -0.281458, -0.76051, -0.172255, 1.40008, -0.427685, 1.130052, -0.532655, 2.258458, 3.185018, -0.496035, 2.140839, 0.324694, 0, -0.382253, 2.073354, 1.253631, 3.204876, -0.459258, 1.636622, 1.501248, 4.414324
0.2291, 0.201623, 0.486777, 0.135622, 0.454302, 0.435471, -0.227223, 0, -0.112648, 0.23437, 0.290139, 0, 0.36691, -0.226272, 0, -0.117798, 0.385069, 0.651641, 0.3349, 0.265865, 0.25896, -0.330141, 0.452785, 0.456672, -0.152798, 0.508919, 0.684698, 0.396704, 0, 0.305648, 0.633582, 0.377397, 0.412926, 0.418091, 0.432724, 0, 0.55013, 0.452405, 0.553961, 0.472284, 0.357767, 0.506924, 0.482751, 0, 0.451544, -0.029002, 0.440634, 0, 0.341134, -0.11598, -0.111115, 0.458641, -0.159553, -0.224451, -0.253427, 0.219497, 0.687466, -0.37748, 0, 0.28661, 0.559167, 0.194802, 0.190546, -0.237271, 1.027777, 0.420545, 1.020819, -0.207244, -0.273797, 0.466622, 0.891484
0.167489, 0.171604, 0.844511, 0, 0.642498, -0.373899, -0.362642, -0.268511, 0, 0.202393, -0.114956, 0.958139, -0.329381, 0.577671, 0.722689, -0.158323, 0.395673, -0.286133, -0.178708, 0.449977, 0.179982, 1.030028, -0.306011, 1.237373, 1.022999, -0.423145, 1.048071, 0.683443, 0, -0.28638, -0.420926, -0.33668, -0.343795, -0.37964, 0.471585, 0.568973, 0.677801, 0.545643, -0.325755, -0.311635, -0.374141, 0.618383, -0.272488, 0.32698, 0.694988, 0.489519, -0.317624, 0.32163, 0, -0.171726, -0.08292, -0.425495, -0.136629, -0.350764, -0.500416, 0.415666, 0.802945, -0.347883, 1.835773, -0.424164, 0.85631, 0.158485, 0.112646, -0.41043, 1.665289, 0.69591, 1.930296, -0.441759, -0.446896, -0.208787, 1.886955
0.206872, 0, -0.40087, 0.163965, -0.394533, -0.417033, -0.43695, -0.307909, 0.417952, 0.178121, -0.107558, 0.935174, -0.303973, -0.14548, 0.843999, -0.211612, 0.458398, -0.373355, -0.1831, -0.103807, 0, -0.57821, -0.316216, 1.087732, -0.336616, -0.464834, -0.397553, 0.537483, 0, -0.319376, -0.501075, -0.457174, -0.548746, -0.47145, -0.153633, 0.624105, -0.497959, -0.220724, -0.391231, -0.432654, -0.431272, -0.365695, -0.318006, 0.42751, -0.275698, -0.184587, -0.303233, -0.082875, -0.166833, 0, -0.187423, -0.4881, -0.306463, -0.402628, -0.494857, 0.519594, -0.286433, -0.562445, 1.871242, -0.413621, -0.464708, 0, 0.115923, -0.554624, 1.705267, 0.806695, 1.855396, -0.411701, -0.518505, -0.316083, 1.928594
0.140346, 0.127225, 0.683427, 0, 0.669329, 0.751371, 0.740121, 0.481809, -0.148194, 0.227009, -0.101804, 0, 0, -0.255062, 0.575339, -0.186577, 0.481594, 1.044554, 0.423363, 0, 0.164729, -0.342043, 0.773632, 0.986077, 0.61778, 0.925646, 1.089542, 0.493679, 0, 0.561717, 0.84111, 0.589024, 1.106826, 0.823201, 0.5891, 0.339037, 0.97184, 0.607738, 0.846797, 0.754437, 0.935252, 0.760203, 0.491084, 0.314826, 0.601525, 0.54318, 0.669438, -0.128688, -0.183357, -0.231794, 0, 0.738015, -0.268006, -0.236794, -0.306884, 0.30065, 0.846042, 0, 2.427006, 0.500468, 0.980259, 0, 0.15072, 0.621973, 1.22168, 0.711495, 0, -0.29365, -0.366437, 0.712024, 0
0.158863, 0, -1.001019, -0.049374, -1.040398, -0.975336, -1.022052, -0.552263, -0.314456, 0.212832, -0.233195, 1.387974, -0.746291, -0.42909, 0, -0.317616, 0.63066, -0.972451, -0.403202, -0.245261, 0.252663, -0.898308, -0.759057, -0.853533, 1.626481, -1.277508, -1.092924, -0.399583, 0, -0.791002, -1.193464, -0.910862, -1.199305, -1.167011, -0.452354, -0.371947, -1.071582, -0.516605, -1.041179, -0.925462, -0.983074, -0.843755, -0.849919, -0.286907, -0.608483, -0.529855, -0.789624, -0.159334, -0.241285, -0.476205, -0.378837, 0, -0.351159, -0.694471, -0.84254, 0.636899, -0.893702, -1.400392, 4.01422, -0.993931, -1.20434, 0.363864, 0.153751, -1.17219, 2.353912, 1.534655, -1.009946, -0.890305, -0.989195, -0.513014, 3.520412
0.144096, 0.12288, 0.79839, 0, 0.432612, 0.59166, 0.730434, 0.906846, 0, 0.184325, -0.094241, 1.040492, 0.606366, 0.706519, 1.184267, 0, 0.699966, 0.869248, 0.410045, 0.51906, 0, -0.220352, -0.157931, 1.392347, 1.148077, 0.704797, 0, 0.655803, 0, 0.290572, 0.644447, 0.576544, 0.93846, 0.609225, 0.339559, 0.561203, 0.543258, 0.501473, 1.067668, 0.8621, 1.055841, 0.830354, 0.721529, 0.449017, 0.37607, 0.508838, 0.566664, -0.092959, -0.149374, -0.221908, -0.182737, -0.259818, 0, 0.962431, -0.268303, 0.508955, 0.844506, 1.2739, 3.519189, -0.228985, 0.691061, 0, 0.124172, -0.369009, 1.595502, 0.576205, 1.900471, -0.255455, -0.281421, 0.503853, 2.157327
0.186274, 0.207457, 1.864438, 0, -0.351413, 1.158443, 1.662688, 1.734101, 1.351032, 0.30677, -0.230255, 1.086104, 2.427593, 0, 2.421673, 1.400958, 1.482377, 1.824579, 0.778372, 1.323573, 0, 2.199986, -0.303135, 2.818116, 2.9504, 1.796834, 1.936068, 1.589792, 0.387915, -0.23432, 2.121383, 1.489968, 1.531179, 1.604252, 0.852003, 0.724985, 1.574565, 0.966649, 1.996366, 1.549893, 1.826795, 2.05842, 1.46123, 0.333842, 1.170835, -0.258938, 1.155341, -0.103464, -0.141617, -0.26227, -0.136957, -0.5805, 0.871157, 0, 1.452332, 1.139344, 1.389524, 2.328749, 5.08797, 1.348979, 1.904738, 0.455428, 0, 1.575003, 3.202595, 1.116007, 2.976457, -0.350492, 2.161857, 1.259508, 3.809164
0, 0, 2.587471, 0, -0.908081, -0.867529, -0.713074, 1.569404, 1.585908, 0.355703, -0.251329, 1.851376, 2.224808, 1.961432, 2.35378, 1.374015, 1.662253, 2.074647, -0.384263, 1.476721, 0, -0.681934, -0.549129, 2.370023, 2.46572, -0.923613, 2.724743, 1.396758, 0, -0.653978, -0.978047, -0.806453, -0.91763, -0.868887, -0.347588, 1.411041, -0.958509, -0.435852, -0.783838, -0.690701, -0.748858, -0.666266, -0.608474, -0.215673, -0.535521, -0.475604, -0.524631, -0.087668, -0.286284, -0.388234, -0.102878, -1.213504, -0.286786, 1.87903, 0, 1.236345, -0.580682, 2.348711, 4.615033, -0.773608, -0.796874, 0.376172, 0, -0.967205, 3.073362, 0.702926, 3.953328, -0.855906, -1.027226, 1.46576, 5.512729
0.176964, 0.139612, 1.473971, 0.333594, 0.988604, 1.163492, 1.536921, 1.323256, 0.881961, 0, 0.454603, 0.912399, 1.855756, 1.252613, 2.124999, 0.973777, 0.38476, 1.342656, 0.666045, 1.141337, 0.200423, 1.756985, 0.880888, 1.964128, 1.402022, 1.599948, 1.763672, 1.153445, 0.294061, 0.760506, 1.78015, 1.274358, 1.516481, 1.357798, 0.53862, 0.535186, 1.432069, 0.790192, 1.729366, 1.43549, 1.257774, 1.422941, 1.107588, 0.392959, 1.020295, 0.544714, 1.060683, 0.260925, 0.526747, 0.658219, 0.368768, 1.036991, 0.63378, 1.229739, 1.444197, 0, 1.19459, 2.889564, 3.367882, 1.330931, 1.34076, 0, 0.121159, 1.385348, 0.739762, 0, 2.889169, 0.824885, 1.831332, 1.031562, 3.129466
0.157994, 0.203575, 2.270054, 0, -0.746975, -0.586507, 1.717458, 2.046527, 0, 0, -0.193631, 1.39282, 1.888642, 2.64512, 2.167531, 0, 1.229387, 1.976279, -0.226362, 1.398798, 0.325121, 1.990747, -0.502468, 2.793811, 2.385873, 2.35875, 2.374239, 1.365515, 0.33468, -0.506318, 2.247993, 2.020728, 2.510944, -0.711186, -0.357429, -0.467586, 2.134732, -0.411107, 2.110341, 1.670216, -0.552195, 1.823936, -0.509639, -0.27621, -0.356175, -0.443455, -0.423807, -0.162068, -0.222747, -0.201885, -0.282296, -0.845408, -0.239201, 1.908029, -0.410663, 1.079832, 0, 2.56522, 4.530733, -0.503919, 2.336595, 0, 0, 1.743999, 2.097235, 1.307705, 3.68819, -0.404582, 2.010712, 1.712657, 4.666408
0, 0.459672, 3.63203, 0.892571, -0.990622, -1.199851, 3.21068, 4.268719, 3.467293, 0.596577, -0.185568, 2.812004, 3.047199, 4.345061, 4.076452, 0, 3.939189, 2.435862, 1.214274, 2.381868, 0.77839, 2.633232, 2.780121, 3.85377, 3.98847, 2.852556, 3.71377, 2.59098, 0, -0.848945, 3.73308, 2.959779, 3.39328, 2.95434, -0.394662, -0.378202, 3.239504, 1.104747, 2.885323, 3.395222, 2.257283, 2.99112, 2.330574, -0.254952, 1.913298, -0.466553, 1.430324, -0.132985, -0.242861, -0.390149, -0.47219, -1.103142, 1.329492, 2.943774, 2.259083, 2.763083, 2.97667, 0, 0, -1.055598, 3.291473, 0, 0, 2.229796, 4.465109, 2.30885, 0, -1.014272, 3.301057, 3.424497, 0
0.709413, 1.008235, 5.822202, 2.15596, 3.750834, 0, 3.544863, 4.84443, 4.446392, 0.646521, 0, 0, 0, 0, 0, 3.70125, 2.43506, 0, 2.006519, 0, 0.743833, 0, 0, 0, 0, 0, 3.848192, 4.840009, 3.335487, 2.180105, 0, 0, 0, 0, 1.781487, 0, 0, 1.921697, 0, 0, 0, 4.121154, 0, 1.292044, 2.170139, 0, 3.592604, 1.230572, 1.885811, 2.22458, 1.200173, 0, 0, 0, 3.035982, 3.108306, 4.324238, 0, 0, 2.767425, 5.10774, 2.057825, 0.663885, 0, 5.655546, 2.537948, 0, 0, 0, 0, 0
0, 0, -0.848299, 0, -1.1161, -1.113418, -1.271362, -0.701926, -0.165377, 0.346426, -0.298447, 1.514711, -0.763881, 1.898939, 1.685157, 0.970706, 1.052216, 2.026861, -0.392122, 1.151202, 0.264513, -0.639877, -0.742383, 2.600594, 2.319234, -1.399642, -1.13762, 1.395292, 0.295041, -0.9069, -1.281821, -1.019952, -1.200259, -1.084648, -0.405891, 1.284901, -0.972267, -0.587807, -0.835261, -1.019561, -0.973626, -0.788893, -0.761693, -0.274109, -0.605752, -0.543976, -0.666496, -0.22252, -0.257533, -0.409411, -0.335965, -1.310725, -0.295505, 2.56348, -1.17014, 1.080766, -0.783737, -1.114456, 3.717201, 0, -1.107994, -0.083155, 0.171614, -0.802139, 2.885822, 0.855229, 4.23813, -0.909532, -1.295162, 1.269454, 4.250251
0.185639, 0, 2.872584, 0, -1.268494, -1.031446, -0.917895, 2.431771, 1.355377, 0.341648, -0.216385, 1.454333, 2.355679, 2.427763, 2.194722, 1.922056, 1.391038, 2.452267, 1.217067, 2.037956, 0.318933, 2.856883, -0.802576, 3.691729, 3.30805, 3.21465, 3.362519, 2.038387, 0.462199, -0.906197, 3.108919, -0.835606, 3.290187, -1.094855, -0.4894, -0.530224, -0.918655, -0.598834, -0.864842, -0.683447, -0.905228, 2.579075, 2.167215, -0.37504, 1.507221, -0.681539, 1.949417, -0.259801, -0.288415, -0.318114, -0.464167, -1.213509, 1.161449, 2.403222, -0.682901, 1.174182, 2.614804, 3.797737, 4.51135, -0.95137, 0, 0.406447, 0, 2.34306, 2.963306, 1.916668, 4.026898, -0.774456, 2.586461, 2.007306, 5.547032
0.160397, 0.125038, 0.494814, 0, 0.347317, -0.078825, 0.401674, 0, 0, 0.138242, 0.187674, 0, 0, 0.578633, 0, 0.327636, 0, 0.596433, 0.213379, 0, 0, 0, -0.078135, 0, 0, 0.41976, 0.566831, 0.329942, 0.15705, 0.245298, 0.450086, 0, 0.476274, 0.341544, 0.216881, 0.288225, 0.344119, -0.06612, 0.488192, 0.397501, 0.356498, 0, 0, 0.173607, 0, 0.125372, 0, 0.171361, 0, 0.222662, 0.207589, 0.272094, 0.351069, 0, 0.343314, 0.223629, 0.390191, 0.548079, 2.547782, 0, 0.581699, 0, 0.133961, -0.103531, 0.672243, 0.200301, 0.988736, -0.091577, 0, 0.424725, 1.534111
0.233931, 0.162137, 0, 0.165241, 0.165205, 0.144818, 0, 0.213539, 0, 0.226042, 0.152199, 0, 0, 0, 0, 0, 0.200362, 0, 0.135348, 0, 0.136563, 0, 0, 0, 0, 0, 0.257747, 0, 0.13669, 0.159708, 0, 0, 0.264657, 0.163496, 0.136439, 0.165917, 0, 0.153158, 0.215402, 0, 0.2249, 0, 0, 0.166958, 0, 0.156399, 0.215931, 0.205441, 0.173037, 0.192065, 0.154541, 0.102759, 0.161737, 0.228756, 0.239408, 0.127068, 0, 0.260935, 0.683316, 0, 0, 0.120516, 0, 0, 0.18889, 0.207383, 0.417777, 0.177627, 0, 0, 0
0.198377, 0.339908, 2.586461, 0, -0.956057, -1.055688, -0.807914, 1.830811, 1.65295, 0.300928, -0.291548, 2.445801, 2.223261, -0.350052, 2.051945, 1.189642, 0.957549, -0.532267, -0.336693, 1.570746, 0, -0.701837, -0.463229, 2.489389, 2.93672, -1.252948, 1.982128, 1.139696, 0.374174, -0.556361, 2.808054, 2.274903, -1.017837, -1.084764, -0.378843, -0.34088, -0.886033, -0.541108, -0.83485, -0.759462, -0.743327, 2.734363, -0.647956, -0.226472, -0.455841, -0.446357, -0.506426, -0.090891, -0.23251, -0.452676, -0.471231, -1.256485, -0.263388, 1.84582, -0.274093, 1.417264, 2.02622, 2.533215, 5.958515, -0.479433, 2.851133, 0, 0.218251, 0, 3.391087, 1.878412, 4.467332, -0.953326, -0.468468, 1.654267, 5.372208
0.255132, 0, 2.873415, 0.474509, 2.020832, 1.863058, 2.891174, 3.234124, 1.814748, 0.169312, 0.971108, 1.819791, 2.887343, 2.027593, 2.096759, 1.845362, 0.655383, 2.76481, 1.120615, 2.353474, 0.394369, 2.590823, 2.342976, 3.766694, 3.530712, 3.162478, 3.175609, 1.776494, 0, 2.002503, 2.994832, 2.663454, 3.091147, 2.484695, 1.159808, -0.106488, 2.652693, 1.664, 2.640597, 2.398434, 2.798273, 2.708042, 2.458529, 0.828941, 1.706444, 1.150797, 2.309754, 0.540909, 1.068188, 1.070436, 0.69055, 2.089822, 1.292249, 2.675015, 2.537826, 0.658069, 2.431548, 3.068323, 3.907228, 2.616726, 2.70809, 0.35412, 0, 2.407826, 0, 0, 3.987905, 1.944029, 2.883999, 1.8339, 4.86421
0.198337, 0.133664, 0, 0.3408, -0.077699, 0, 1.519582, 1.457715, 0.71095, 0.142144, 0.584727, -0.134187, 1.417601, 1.566229, 0.69627, 1.181548, 0, 0, 0, 0.76791, 0, 1.82644, -0.123802, 1.75225, 1.680007, -0.081995, 0, -0.075141, 0.140875, -0.064259, 0, 0, -0.112328, -0.066773, -0.046689, -0.114019, 0, -0.050387, 0, 0, 0, 0, -0.094172, 0, 0.888742, -0.067188, -0.109372, 0.480865, 0.777737, 0.138541, 0.73785, -0.07886, 0.833691, 1.643314, 1.647577, 0, -0.169007, 0.668316, 3.130552, 1.699744, 0, 0.367155, 0.173315, 0, 0.975853, 0, 2.145769, 1.34198, 1.802931, 0.962363, 0
0.394192, 0.472603, 4.969425, 1.172068, 3.236195, 2.881963, 3.601347, 4.255345, 2.507017, 0.533275, 0.802416, 3.651273, 3.688362, 5.024465, 4.18413, 2.382673, 3.227062, 4.798576, 1.570339, 3.990941, 1.110555, 4.257728, 3.258823, 6.126496, 3.764583, 4.782758, 4.78292, 3.364167, 0.951338, 2.385458, 4.184059, 3.697024, 4.455852, 3.638823, 1.621022, 1.660255, 3.940805, 1.735266, 3.800307, 3.523154, 3.436635, 4.274138, 3.80691, -0.227802, 2.666644, 1.567009, 3.130717, 0.810184, 0.828921, 1.442123, 1.979247, -1.104972, 1.753056, 4.129419, 3.678333, 2.853285, 3.609169, 3.62751, 0, 2.34074, 4.429433, 0.882559, 0, 4.020472, 4.47194, 0.993587, 0, 1.752083, 3.576706, 3.492041, 0
0.14874, 0.135358, -0.901373, 0, -0.918473, -0.913002, -0.99998, -0.59853, 0, 0.265214, -0.234515, 1.265904, -0.774717, -0.147085, 1.115928, -0.303979, 0.734569, -0.662885, -0.411205, -0.192029, 0.269154, -0.889486, -0.667135, -0.606019, -0.615454, -1.056579, -0.934668, 1.010098, 0.176648, -0.724509, -1.204619, -0.911426, -1.123826, -0.984247, -0.378016, 1.116564, -1.02674, -0.484986, -0.857932, -0.855584, -1.000854, -0.78532, -0.794946, -0.254832, -0.563046, -0.426204, -0.70739, -0.120603, -0.317356, -0.466758, -0.175753, -1.054035, -0.341031, -0.811973, -1.067194, 0.886109, -0.654266, -1.293297, 3.24409, -1.035375, -1.057346, -0.065671, 0.122232, -0.975636, 2.386375, 0.724785, 2.514899, 0, -1.102558, -0.541782, 3.127134
0, 0.268311, 2.840362, 0.50642, -0.827706, -0.732322, 2.223678, 2.378267, 1.191949, 0.410283, -0.266979, 1.872887, 2.390697, 2.475324, 3.407548, 1.390357, 1.518192, 2.726298, 1.124826, 1.75575, 0, 2.323824, -0.513797, 2.99051, 3.271691, 2.330491, 2.762171, 2.016454, 0.427234, -0.704108, 2.536256, 1.855728, 2.633288, -0.805775, -0.272822, 1.180915, 2.176246, -0.341734, 2.266715, 1.984658, -0.732913, 2.387046, 1.76073, -0.154488, 1.313819, -0.411146, 1.715331, -0.130314, -0.243265, -0.370504, -0.122854, -1.088257, -0.302463, 2.479897, -0.721916, 1.603407, 2.23943, 3.527091, 4.552665, -0.808615, 2.76519, 0, 0, -0.872944, 3.651476, 1.148016, 4.369736, -0.810551, 0, 1.908877, 6.007165
0.203573, 0, 1.703608, 0.328514, -0.61252, -0.456263, 1.436578, 1.746057, -0.160592, 0.180676, -0.206348, 0.892646, 1.851933, 1.615839, 2.339948, 1.188085, 0.924132, 1.715121, 0.732135, 1.456761, 0, 1.812403, -0.4755, 2.790889, 1.829388, 1.84952, 2.250606, 1.224285, 0.536738, -0.521395, 1.990099, 1.89898, 1.728553, 1.522289, -0.257178, 1.070704, 1.621343, -0.324582, 1.633955, 1.422554, 1.581492, 1.797545, 1.532683, -0.187162, -0.316469, -0.351925, 1.525836, -0.146918, -0.091595, -0.331378, -0.24844, -0.646952, 0.879381, 1.863846, 1.688809, 0.73662, 1.285724, 3.772057, 4.485471, 1.497321, 1.793626, 0.312122, 0.168097, 2.05388, 1.973484, 0.708074, 3.471795, -0.578316, 2.266115, 0, 3.799689
0.515872, 0.76733, 5.564693, 1.977867, 3.845531, 3.49082, 4.160491, 5.512817, 3.77624, 0.896662, 0, 4.221452, 0, 5.189676, 0, 4.10833, 3.115525, 4.356701, 2.50629, 4.460705, 0.8482, 4.055026, 3.192257, 0, 0, 5.862489, 6.342288, 4.910913, 2.284553, 3.534791, 5.736973, 4.909713, 5.700707, 4.83533, 2.343444, 2.509356, 5.361325, 3.789176, 5.78285, 5.233695, 4.871912, 5.769149, 4.760299, 1.415163, 3.810133, 1.367434, 4.590617, -0.184131, 0, 1.838941, 2.150212, 3.088166, 2.43329, 4.875369, 4.91463, 3.185119, 4.638237, 0, 0, 4.444541, 4.683962, 1.941631, 0.585246, 4.761013, 5.043281, 2.740006, 0, 2.947846, 5.259318, 4.274834, 0
