0, -0.4132970385148874, -0.45534201169710925, -0.23201010347185855, -0.3993075270271956, -0.24017320811583437, -0.4022419528090141, -0.24937763401420213, -0.2644376778352199, -0.26177237745723914, -0.38945238858767, -0.6334769247702191, -0.5023982518859174, -0.2168824393341588, -0.46703945680346226, 0, -0.599459578322858, -0.5337094643510818, -0.23234579323013088, 0, -0.6645329008776046, -0.37341859191626514, -0.5922564409867247, -0.3631885932712973, -0.37835768018158294, -0.4875968352588942, -0.5976332101634976, -0.1543879864829326, -0.6015093707491294, -0.42619458680417616, -0.4597342453577572, -0.4770466792432458, -0.42110434121223494, 0, -0.1626380809143403
-0.4205316738762954, 0, -0.32229670701789404, -0.19073343004166088, -0.38470990552249773, -0.16234484442644936, -0.45156913480468436, -0.23212603557643968, -0.2808400770587038, -0.25574944416136614, -0.28148672420072945, -0.4594590479676029, -0.49612054169052433, -0.1054956354063074, -0.4411822518420223, 0, -0.36702024937254524, -0.32604387224237014, -0.28951155998669786, -0.1449577228984014, -0.5501466682616823, -0.262760939117439, -0.43490179012587726, -0.2872759312630563, -0.17408366616988138, -0.31773825657737204, -0.3199959078078201, 0, -0.4869302631831548, 0.5028662600875216, -0.44003848279408636, -0.2667934533789579, -0.24222810713544252, 0, -0.1307645162778612
-0.45852050258047894, -0.3698741601391986, 0, -0.2014474631395716, -0.37950525214420416, -0.21533483084583155, -0.38366637138762155, -0.2297927856724133, -0.2496264836677347, -0.27093810117254147, -0.3412835824103201, -0.5460585758107742, -0.4683510454467805, -0.18785031067857352, -0.4409020709380164, 0, -0.5413591354160684, -0.4623493068936518, -0.23893136914627996, -0.066974725672069, -0.6087463397922, -0.3177014922515845, -0.5192943660327237, -0.29623698692992556, -0.28018847966291727, -0.4029836681631247, -0.4720659224054339, -0.09724750827647556, -0.5409725803847147, -0.33280221123273795, -0.4067069149636522, -0.39046028530890287, -0.3492584251667721, 0.16434251532886668, -0.17439208171908333
-0.28005933036684405, -0.2253992801389942, -0.2168579512417396, 0, -0.21993912196556142, -0.12959734416242924, -0.19122745521674925, -0.15625278406149487, -0.14713237483609523, -0.14983998407611263, -0.2806510182763306, -0.33991001410307903, -0.23749289932186524, -0.19900515454941964, -0.16694185228386724, 0, -0.2803703886145261, -0.26774095840060463, -0.12676813060590908, 0, -0.27898790455227374, -0.19164538275292634, -0.280984237523886, -0.14535839405319567, -0.2041358122596249, -0.20883330527547828, -0.27295738465948777, -0.09376990050763313, -0.2829914246933658, -0.20896594772366991, -0.1451813358359679, -0.20883785671771327, -0.20974977658247987, 0, -0.07509709043506575
-0.37196986373526025, -0.4119064721507339, -0.3338093214177217, -0.26476608659917383, 0, -0.21610162980109282, -0.35246515853955973, -0.25707777336367715, -0.2802565514074912, -0.2163670176967749, -0.3427105172294438, -0.4426922939599697, -0.44270968785466797, -0.17323597722162667, -0.37774477502506226, 0, -0.371867471448149, -0.3558419522271181, -0.22828877581875834, -0.10699424063390979, -0.4848888502860305, -0.2891680066909244, -0.41358862039857236, -0.2906100165755634, -0.2402917269037684, -0.29229990187676147, -0.3937003228178131, 0.3361973490842386, -0.4276583171087474, -0.20956626630418748, -0.3486204389146079, -0.2827618785967335, -0.3005078094660946, 0, -0.14568691309007
-0.19585974951237278, -0.22649282769211482, -0.1799356644444627, -0.12755858102402176, -0.20297157331279553, 0, -0.19307722008528266, -0.2149994510131105, -0.2019645055450442, -0.12989757222722514, -0.15886650218024262, -0.2520269186292351, -0.2502963097265065, -0.07851927431395911, -0.2289223218196824, 0, -0.23016958422505907, -0.2276510851644092, -0.17357617162022942, -0.08367698119159682, -0.30588171036196965, -0.14297831887890017, -0.2327744759837295, -0.1552448767978431, -0.15844170909414992, -0.1713579740898758, -0.20510576981088469, 0, -0.27530170403784016, -0.1426484974914166, -0.23909452358552208, -0.1538412265894688, -0.159897838468239, 0, -0.09680440711240806
-0.41182064771923227, -0.5007372007415725, -0.3087259498393044, -0.17012635330397474, -0.36067576735897094, -0.22813946342951688, 0, -0.2778536165078721, -0.3277786645310566, -0.22969384081097335, -0.2766088774948188, -0.42538291410404655, -0.46806613155472593, -0.12519024733043438, -0.4857033968750684, 0, -0.41669869635100815, -0.35757511614801957, -0.3153975107306066, -0.12265219073913147, -0.537450248146971, -0.28303872301907695, -0.4281974257559464, -0.30285443966486525, -0.22845772396866346, -0.3448778155414927, -0.3342229496859015, 0.2699157324274881, -0.4662945395375525, -0.22817452253128293, -0.42672368144463946, -0.30971322350275243, -0.2617598171766181, 0, -0.10666236335322474
-0.14609641202377233, -0.3203557970088082, -0.18193650957494442, -0.13649720372795793, -0.22784149423861388, -0.17246574609079904, -0.18837010527438222, 0, -0.19065257241912162, -0.0991910281181374, -0.1593870165057057, -0.22974509529430845, -0.2787183589036221, -0.09448349620351808, -0.27434507604289576, 0, -0.1728258977869364, -0.1862943565556469, -0.17505947303080494, -0.08803670947511419, -0.3315806285597492, -0.11643943301241548, -0.22332125913370984, -0.17695291368961452, -0.10666127815579819, -0.13577528001641634, -0.1879919716988336, 0.25853558067407895, -0.2920786619391569, 0.7310314545833689, -0.2814308970008113, 0.5798482379852395, -0.11878914260509296, 0, -0.09634397606657918
-0.16494226980139307, -0.3016425565399958, -0.15728081633633562, -0.11962932271012941, -0.20716592854228022, -0.17042684225420893, -0.23885735377984402, -0.2191459624237806, 0, -0.11033847109175349, -0.1352101300650545, -0.21357848718410447, -0.25536980585766306, -0.06594105105416828, -0.340616914038689, 0, -0.21647113553623293, -0.17983317941871665, -0.21774578435458258, -0.11121858352038476, -0.3247116002948358, -0.13394755387642404, -0.19626164907496918, -0.176746233617142, 0, -0.1449025635757684, -0.1593256318028605, 0.2860482170890892, -0.2576454243712416, 0.5920820846027665, -0.2848700468561776, -0.18593758425192852, -0.1236491723058635, 0, -0.10272145484238487
-0.28781629683526366, -0.2137808527611786, -0.3008046102366155, -0.14253444066746135, -0.2385859730568865, -0.16909781115550332, -0.32338145036727267, -0.09566798647106424, -0.1836630174236444, 0, -0.2222291470850709, -0.31947636239584964, -0.26451107573766725, -0.1401217167007187, -0.3508677979786335, 0, -0.31324687256958567, -0.34746234457102804, -0.1307921332228456, 0, -0.3791665322656339, -0.25243914267014866, -0.36739557832496483, -0.18990208790207577, -0.29100521874795965, -0.3299224491447743, -0.3634073727971212, 0, -0.38381902169543064, -0.292261861625606, -0.2933552921161073, -0.24074424080260978, -0.2619667206825481, 0, -0.11477449650510514
-0.2710494253597109, -0.27375620582651217, -0.3023533503785921, -0.20522539983421473, -0.2856159338313217, -0.12354984505202594, -0.18641193571641063, -0.18182906516934705, -0.16802273994323216, -0.1946545723643068, 0, -0.46057364136010664, -0.40242583189076875, -0.15446372165651776, -0.3566250170314927, 0, -0.31751778855507906, -0.30657426482055233, -0.10645377819482958, -0.09240161089527733, -0.4660504703649254, -0.23708739177472882, -0.376310365355943, -0.24950766835397098, -0.1626212134869397, -0.26452398299056584, -0.3022530398339626, -0.04793312729603578, -0.38447719647048084, -0.09733090825995423, -0.31753034263995755, -0.29196037198675473, -0.24872231587707136, 0, -0.10424026563576191
-0.6934288523600664, -0.4821435693159136, -0.5791403132227045, -0.30389563888793547, -0.47955150186629386, -0.3120111840107266, -0.5292877092158716, -0.2706695695750473, -0.33456071507569174, -0.30668826867182475, -0.4753575962059844, 0, -0.5762262836808695, -0.21894339909207658, -0.5314070478046587, 0, -0.7778570946746665, -0.7286508828896577, -0.22892977522009716, -0.062440061854368324, -0.8550498242722552, -0.476699683171316, -0.7523550343903195, -0.4203376912737346, -0.5287730377793424, -0.6106976726465015, -0.7552125404168096, -0.20181107242377042, -0.7557054826670088, -0.6397431680130528, -0.5226459963824845, -0.5276912938141864, -0.5168492519001127, 0, -0.21918684144480743
-0.5243886192975836, -0.46144732179674597, -0.41495819354839947, -0.2537858498890514, -0.3934453711967986, -0.22250354366785308, -0.4375028712908631, -0.24551834257892474, -0.2676753301723392, -0.24636160864919152, -0.36101460463367824, -0.5852684074752964, 0, -0.14798951234652222, -0.43397809058756714, 0, -0.5419484943400346, -0.49930827889821233, -0.22995244518997535, -0.08167046538295418, -0.6220927045910513, -0.3159369998382202, -0.5291061250450715, -0.31244323888701714, -0.3229047151822166, -0.41037571459796485, -0.5172654248980444, 0, -0.5306131107229235, -0.4042603765461132, -0.3963950710002582, -0.373404996989993, -0.3779884864970754, 0, -0.18390331585320815
-0.21243795319697756, -0.13636154617311985, -0.17160829605505584, -0.1683419672925658, -0.14805532136545377, -0.12807217472219007, -0.17084424045250732, -0.12477316486583312, -0.1411197495172014, -0.11185304614849066, -0.2213336062328111, -0.21168930902538435, -0.11593075546958266, 0, -0.14814975671696284, 0, -0.1917263366502194, -0.1970875545161265, 0, 0, -0.20026220187599988, -0.17408153969963672, -0.2298273483093569, -0.13942124229876662, -0.18014344957381387, -0.13781369830304657, -0.20228887368085466, -0.08885435850608095, -0.20939061123370453, -0.11452252781452008, -0.13165458701430907, -0.1435985096104871, -0.21150663422001928, 0, 0
-0.5157834069281346, -0.47869804791848897, -0.37481604094545334, -0.19506185212593474, -0.38689380858328193, -0.2842408261857923, -0.5955412981913011, -0.3224394304784459, -0.4194725011658195, -0.25255034842364954, -0.30014566802968257, -0.4598290594160845, -0.453812968030301, -0.16126486876539645, 0, 0, -0.42751004830835115, -0.41057810678080464, -0.30972718454023307, -0.142321176359054, -0.5567197260639054, -0.2833149137152875, -0.49394199948059314, -0.3577050073927698, -0.3177434199043394, -0.4049309632869334, -0.46126184268174014, 0.32580240841440455, -0.5675276429189736, -0.28056276096811056, -0.48548676926181267, -0.3681539177234757, -0.3349517418478967, 0.38208405247573574, -0.17289035777217898
0, 0, 0, 0, 0, 0, 0, 0, 0, 0, 0, 0, 0, 0, 0, 0, 0, 0, 0, 0, 0, 0, 0, 0, 0, 0, 0, 0, 0, 0, 0, 0, 0, 0, 0
-0.6518015529251885, -0.3754434665398262, -0.5266892969324766, -0.23187855882994896, -0.4043520659544037, -0.32982445753033146, -0.5302371733879211, -0.2815315787175436, -0.3150488439902301, -0.3433775010250531, -0.36093117545791203, -0.6397310767607023, -0.4645909121975117, -0.2195213830873865, -0.41922937541979727, 0, 0, -0.683472717148054, 0, 0, -0.6887347273243963, -0.34676508476639367, -0.6574202259951476, -0.35378354759240965, -0.5395638457851947, -0.6062449356023509, -0.697894982571958, -0.27819334189920597, -0.7273662100301779, -0.7117095057291608, -0.4541504463069363, -0.47288655270098795, -0.472569047388741, 0, -0.1645403234501942
-0.6405058053129793, -0.33779821160229545, -0.490336875983359, -0.24657232152537015, -0.37862827489637707, -0.32278462339957403, -0.5003280566346343, -0.2929566889728845, -0.3191746136656154, -0.31680719850057926, -0.35484510976333955, -0.6504626214086829, -0.4816641813388535, -0.2132623813372326, -0.4390466020673487, 0, -0.7603283548451061, 0, -0.18939262143531865, 0, -0.7001699379381625, -0.37295745393036805, -0.6407561474206165, -0.3801457366514992, -0.4946379142994117, -0.5746778172996365, -0.6529572142060763, -0.22770723221720757, -0.668196065459855, -0.6331789935062935, -0.5001857831091665, -0.5228498467887632, -0.4546460346606956, 0, -0.18818454952289915
-0.2687449016981959, -0.4081011689276943, -0.22777507142584033, -0.1909197587927204, -0.2851484334839229, -0.09562815502246674, -0.37040719230453023, -0.1282337839323125, -0.24086090152257136, -0.1803851614444298, -0.16808328249316928, -0.3103616135519938, -0.31362899380034653, -0.10671411961468129, -0.40736839242057254, 0, 1.2115371444668575, -0.1415802086435538, 0, -0.1574957551575853, -0.42012377640924814, -0.19703807956550298, -0.29176661948488536, -0.2006862191991266, 0.8806303593696458, -0.16395739984901955, 0.8669643001879629, 0.5150263000724699, -0.3139697316251393, 0.9365494389649645, -0.3152365274668996, 0.7451162375260504, -0.18273969051943836, 0.48628302891659453, -0.14777393605579636
-0.11345745642937655, -0.25655829214086145, -0.14549711533620183, -0.07027050426703682, -0.18089273327004793, -0.1394271246579974, -0.2269025476990081, -0.12615775931086654, -0.15476638164327644, 0, -0.12265299172591061, -0.13531360173095439, -0.15345791500504152, 0, -0.23328121401714025, 0, 0.42508246993812027, 0.4127312063097997, -0.1474970180417804, 0, -0.24991906586236762, -0.11579837082493713, -0.1592602832614545, -0.13704443868229857, 0.5145342023356262, 0.43400471004055036, 0.5491667436115873, 0.37884910241729963, -0.21140314976805097, 0.5416320596723615, -0.21184628274477071, 0.4216040994170867, 0.37130993034133786, 0, -0.10481983551392438
-0.7034598357866981, -0.633508780683984, -0.6040263723277516, -0.30109154249652365, -0.5805949796315397, -0.3982682092943847, -0.7903726982382416, -0.36015835839633764, -0.47716417957985696, -0.36025800627037186, -0.45192379613233735, -0.7371280918374031, -0.6727194157669516, -0.21932591740856555, -0.6713185583277134, 0, -0.7128723462863676, -0.6471329470459769, -0.3525529788165661, -0.12488628339877327, 0, -0.4472415602389872, -0.7610208650932463, -0.46870501207637116, -0.455114379105736, -0.5965272894177002, -0.6995264753045016, 0.34270877546086087, -0.8797855677773437, -0.5069224420259134, -0.6965533604695994, -0.4651006504293677, -0.4464480241522687, 0.3404241863473696, -0.21131653493978508
-0.3789181664235835, -0.2380527927310834, -0.31474491990135905, -0.1791822267513687, -0.2940941812965517, -0.16910959039034687, -0.2612277662706858, -0.19020642056624484, -0.20335504278932642, -0.23538982188103566, -0.30094350231239897, -0.4820638235220176, -0.3165488935182742, -0.17003114511518053, -0.3232517633533351, 0, -0.38755282371313127, -0.3490113306890165, -0.13328564329142858, 0, -0.4046297319096291, 0, -0.4276698507457227, -0.2749521796170552, -0.2702261356526354, -0.3183719904463528, -0.40113230331620603, -0.09502270787500244, -0.43334955645534434, -0.26402643200722314, -0.26608152425751036, -0.32713432246878615, -0.3516638959105216, 0, -0.12789387764103002
-0.6519827187229593, -0.47873259599983603, -0.5088524537666876, -0.2850269995193216, -0.4640498903922503, -0.3170238414201825, -0.5212034178752607, -0.29969659105319063, -0.3577774134511028, -0.33193462199521967, -0.4303565847335076, -0.6765656051542266, -0.5298554495300835, -0.24512841878122932, -0.5253302616167459, 0, -0.7138511555214042, -0.6275491261019219, -0.25572483900098175, -0.06165374386207457, -0.692501354771188, -0.422520848200945, 0, -0.4375756558525969, -0.4490369870648406, -0.555379577068819, -0.6502782073078904, -0.1751967706493273, -0.681305490178985, -0.5262870763582888, -0.5180421125028325, -0.48356364916094935, -0.514469950597473, 0, -0.18868874840374747
-0.24585930800477007, -0.24198303913289543, -0.22072227131216235, -0.1465226042855576, -0.21599762575106904, -0.1123650517153814, -0.20748999532966153, -0.13848910204241807, -0.15936491913604195, -0.1546881955368782, -0.19997036687372174, -0.3023936729375765, -0.25513223929527856, -0.12253557705314888, -0.2923322566110189, 0, -0.2928288647762424, -0.2630382979555703, -0.15311291654712844, -0.054857619718361, -0.34021638982267394, -0.20964246374585271, -0.2907565335121823, 0, -0.1589822393794585, -0.22230276962943055, -0.23656553588652485, 0.21923513812649545, -0.26978755763801854, -0.16939983238187592, -0.23737493820949473, -0.2509139451490953, -0.23380964175179839, 0, -0.09643187923843813
-0.31802310893293234, -0.13972612182977942, -0.2866648361414153, -0.14327580293894232, -0.22669571176525488, -0.13932321929654437, -0.15361274993744808, -0.15830284989149282, -0.15079007429549915, -0.22803913015461266, -0.2132834066589524, -0.455835704986482, -0.29076897613890323, -0.15916404482380525, -0.31388598655396105, 0, -0.38143721808727554, -0.37690413086154556, -0.11567368354706556, 0, -0.44421743412953235, -0.24938961650447122, -0.40018190402345977, -0.22971950841140043, 0, -0.3296660423013781, -0.36812350378743985, -0.10295911126482243, -0.3537812177665158, -0.2579716977254913, -0.29754625617631986, -0.3765869798896575, -0.28830091134816216, 0, -0.14709201122793814
-0.5086862259642537, -0.29612695662461413, -0.413627452233812, -0.20029237799581706, -0.31367587144716597, -0.24902263186794513, -0.3848776203091476, -0.21904493611764994, -0.2542459748748114, -0.273532297243228, -0.30720016416679624, -0.5081898692318348, -0.39727825030784386, -0.16927739546207762, -0.3775482684617553, 0, -0.5674569883639088, -0.5136806946437603, -0.14988104196673943, 0, -0.5630681312035659, -0.29896605203987986, -0.5254692418563391, -0.3013125632411822, -0.39248852777406723, 0, -0.5132461148812217, -0.20406248331661062, -0.5307152669238927, -0.5038179383449269, -0.3719366926684893, -0.43385471910401807, -0.37508095982941503, 0, -0.13892747700253277
-0.41013804980586305, -0.2835852384109078, -0.3869712981675012, -0.23907461491364077, -0.31982543163237315, -0.17830766211207927, -0.23842243682091274, -0.20452095186622102, -0.2032754548259032, -0.28001676512144535, -0.3168027753932895, -0.5495796845067373, -0.4154798084745743, -0.2021273036618223, -0.39414231785708503, 0, -0.5783966900959316, -0.4573107976035921, -0.15256511814002024, -0.07043450665353658, -0.5781237252160191, -0.31175485310713885, -0.4966768187287175, -0.29703564560643453, -0.27015017675380465, -0.38455334503161365, 0, -0.1622940594573385, -0.4660462537150814, -0.32718905285741906, -0.3272382445899704, -0.4425784982019749, -0.3323756950183246, 0, -0.1626489887551653
-0.2540137706893415, -0.14952084393385337, -0.14757867347569506, -0.08348388128493514, -0.11903605306255147, -0.13050477818452833, -0.2665495328613951, -0.1439135690287368, -0.17317414043157262, 0, -0.1534832403492931, -0.19779066109318733, -0.13000255705978894, -0.09372647288792053, -0.11563850793270533, 0, -0.2599671666033809, -0.20851087364206763, -0.09175250245804775, 0, -0.13249604082839841, -0.13740152548457166, -0.16453363833140974, -0.14019071037360956, -0.2470663960738117, -0.19254638999295343, -0.22962438502577306, 0, -0.21142574812402365, -0.24473164367563957, -0.15364656101389332, -0.1588700890368171, -0.1962929743676627, 0, -0.05661928623849185
-0.5094204638363754, -0.5682379113404653, -0.4306700297173514, -0.27254987551466836, -0.47819812288327235, -0.3309332827859487, -0.5604503783735513, -0.32119681672779404, -0.3702822274137168, -0.2917595754566989, -0.3554951347298977, -0.5654314323783226, -0.5750796433555982, -0.1907757790401442, -0.5921197631872774, 0, -0.6164949460931073, -0.5016972328871149, -0.358801968009377, -0.09172512164462066, -0.7065421979392923, -0.3777315285353005, -0.5801001661887, -0.39785812146017413, -0.3119653199070924, -0.45065252531391364, -0.5255916229791092, 0.3827196903959323, 0, -0.37093522460511036, -0.5779347749060001, -0.4242867437288923, -0.3571944250212594, 0, -0.20559681666370733
-0.48400734627884956, -0.19726068315517745, -0.3160967160974985, -0.12904692314292857, -0.203229379945727, -0.27666902861221715, -0.32129223908045584, -0.1597263223731723, -0.16908327088904088, -0.17138079682377588, -0.18985914693135075, -0.4533865654822691, -0.2664193766709622, -0.16450333434302125, -0.16231587445056012, 0, -0.6111103322765085, -0.53323311721972, -0.19322588891114745, -0.050489384036842236, -0.39199787104639894, -0.2229538773860367, -0.43801134766811667, -0.216001841647131, -0.36877301337730695, -0.4484981833087948, -0.4453734654925791, -0.21258032830125878, -0.41924521392682723, 0, -0.2506760008047522, -0.43360895559445084, -0.32610424461497256, -0.06830415525737285, -0.13729202801421445
-0.31694020062773204, -0.42370628023894513, -0.2685886018484174, -0.17865612920638155, -0.34649125289692817, -0.21679417781151325, -0.3985422879667387, -0.23093273776790496, -0.29159567822721844, -0.17665493874281543, -0.21755639624754705, -0.3728976912643117, -0.4126283774668099, -0.11208690858956619, -0.4177249224443003, 0, -0.3880232375935361, -0.3058823772633867, -0.26988162057206266, -0.11107485098380128, -0.44114017339196754, -0.24404746219410348, -0.38067071126389246, -0.2891865982681433, -0.17760959075163707, -0.2675882221988194, -0.3125631265534499, 0.39579526368780465, -0.38849298776615904, -0.19753013465242703, 0, -0.24124782843002585, -0.23097791739530615, 0, -0.14828841836363135
-0.3909406215456297, -0.1675502905801582, -0.32243423972038554, -0.19201012731423947, -0.2690137102151241, -0.18109292402344182, -0.33240576782412795, -0.052938670476836265, -0.20748432278863704, -0.20160373256618627, -0.2605126050345972, -0.40127979398980895, -0.2945005708385857, -0.19002627862842422, -0.37233693455167455, 0, -0.35309731373647313, -0.4377518761909165, -0.09727962449646038, 0, -0.45190919352642306, -0.2869219989504289, -0.447219574487144, -0.23803333738440371, -0.2930899252750101, -0.38052980476008724, -0.4257760855296339, -0.13442865464720669, -0.4362419628593338, -0.3375847228867606, -0.30843166930521243, 0, -0.3252409147106497, 0, -0.15410484075147568
-0.4276110544218276, -0.23636682896582425, -0.3658945344449645, -0.19760149985081552, -0.3057775322050221, -0.19597015217251523, -0.25363565990521236, -0.21145594649346472, -0.21643460430548472, -0.23158404386400197, -0.3567181855442005, -0.5484619825231078, -0.3765121646914333, -0.1875712558228208, -0.3560385384752116, 0, -0.4886494639481063, -0.43815504742152395, -0.11944062245729396, 0, -0.47216894181150365, -0.330212245653527, -0.4865588532626709, -0.3051145743936057, -0.31522955589931795, -0.39116505619609415, -0.466695925783636, -0.142700624304689, -0.4542726654828662, -0.3357688845156413, -0.33822294437546013, -0.41691300488920346, 0, 0, -0.1543290832451152
0.3980728661124545, 0.44875429283509055, 0, 0, 0.2533336252151798, 0, 0.5237415792277634, 0, 0.3037860856325802, 0, 0, 0, 0.25686517835995964, 0, 0.6532332272520707, 0, 0.36433956698977465, 0.26287412412051553, 0.30558535467231707, 0, 0.41337945791000025, 0.35470506423931003, 0.35698560470790486, 0.3360511299079397, 0, 0.2859341929205595, 0.2536729680655775, 0, 0.39538182960255114, 0, 0.41244525251247616, 0, 0, 0, 0
-0.2813728876988332, -0.1678065896852529, -0.24338145909519573, -0.1087624572940023, -0.20266753838714363, -0.13555082838430985, -0.2599442988333611, -0.13772898749717621, -0.1818980829256367, -0.15203605762054676, -0.16473433725106645, -0.24860141030340108, -0.20161510358256574, -0.08709995007819923, -0.22693488487247107, 0, -0.25414879576229893, -0.2440284978836316, -0.12674967612653332, -0.06637654094710674, -0.31776525304915226, -0.1529489540825983, -0.2746435884054965, -0.1826080927745146, -0.21665549095448708, -0.20162382771381862, -0.24821957456481986, 0, -0.31501087774458303, -0.21593333614235205, -0.22582141096188926, -0.18557275668014425, -0.2027964743308498, 0.22200857590685663, 0