0, -0.39612727746229615, -0.4495879783475646, -0.22784894655043117, -0.39265770257680493, 0, 0, 0, 0, -0.33466540536270445, -0.3239615476252142, -0.7679089952391608, -0.5327440722989465, -0.29583616475947067, -0.7211149024838747, 0, -0.8680299977470143, -0.6760719971361343, -0.23355666225764554, 0, -0.9543435742241095, -0.42750729022366146, -0.7056472956576535, -0.3607309191694697, -0.28397747365306236, -0.531450170331479, -0.6105867346785676, 0, -0.6028905779512524, -0.4829771230523538, -0.4446117357094688, -0.7174839143155907, -0.4273882191836521, 0, -0.2441243289114741
-0.697475613992565, 0, -0.4903492485310955, -0.2630932257031216, -0.5559515531651277, -0.24803920160577791, -0.6017860343995686, -0.2698767284638872, -0.37339034678451183, -0.5035030827199318, -0.3838298261936363, -0.8253833809100363, -0.7893260620573636, -0.19594855602196232, -0.9701090379058397, 0, -0.9077755588044074, -0.6516977928179861, -0.44203008062361654, -0.15838424820933494, -1.1690586270981247, -0.45143465858591825, -0.7779354802803269, -0.4568278701462391, 0.4157849378643892, -0.5481397205623382, -0.5523188365885385, 0, -0.8168380747693137, 0.8094672879866991, -0.7043610925066119, -0.6791672799288491, 0, 0, -0.2567888189015295
-0.5042950126050136, -0.34687269183178476, 0, -0.2035962190954624, -0.32729574799371447, 0, -0.2172301864545644, 0, 0, -0.3219032205888618, -0.2986447255678655, -0.6238169746294913, -0.4725505793285251, -0.25481694156105733, -0.5816498594479338, 0, -0.9197760955540799, -0.6120471243128169, -0.21406661084921974, 0, -0.8195094746825897, -0.36212339677677785, -0.5850651002274837, -0.258994436799439, -0.28973131441960226, -0.4774421833296553, -0.4856183386299278, -0.147092340154262, -0.49631669374493964, -0.4680276410985927, 0, -0.5681279807887066, -0.39303401701002927, 0, -0.2144211643947615
-0.3597751803830803, -0.19378325580819225, -0.22685176125703851, 0, 0, 0, -0.19005655528589455, 0, -0.12932011444932603, -0.2042968859779444, -0.2899266965872548, -0.4312915256738071, 0, -0.26289663296712523, -0.1531855230544077, 0, -0.49362395185925184, -0.3482416901390657, -0.10578202395286625, 0, -0.29996929620882945, -0.23137838643890077, -0.30865024504775834, -0.1295629663407875, -0.23008718570188624, -0.25160645111795876, -0.29708752828310686, -0.15201028107497003, -0.19867625634801483, -0.3270395731672526, -0.2200183260043075, -0.3292995077443319, -0.24098910558123535, 0, 0
-0.4550922545733137, -0.4771653561208596, -0.38223452289572457, -0.28576195774645613, 0, -0.22870887597614764, -0.1546798566341951, 0, 0, -0.3258809660002966, -0.3474905372486038, -0.6088047826822421, -0.5291262898480764, -0.24111869580004913, -0.5286752060960905, 0, -0.6727052389328896, -0.5491704649801236, -0.22584192381007245, 0, -0.687275660249758, -0.3709610442425805, -0.5339251321288668, -0.31683319597866916, -0.29007588622665526, -0.39990459800668604, -0.5121367392461862, 0.48080914195335994, -0.47186284820049373, -0.3865463023031287, 0, -0.44985700332623013, -0.3776639814175547, 0, -0.19714497659016725
-0.19391231885636506, -0.23989947654852295, 0.45526361229420764, 0.37741745004673005, 0, 0, 0.5858717104365077, 0.3251467273519395, 0.5437543985110709, -0.21187962683289469, 0.3035698046541472, -0.3667181924601455, -0.3081379423504417, -0.1096447493049469, -0.3190485173924804, 0, -0.4263016757020275, -0.34452409477046997, 0, 0, -0.4618518702858616, -0.17837748396015457, -0.29008579483352925, 0.482174679300169, 0.4655095963036486, -0.231240827496333, 0.5268767012298173, 0.36387465752890785, 0, -0.23596309593623802, 0, -0.2647529268591217, -0.16647241591982673, 0, 0
-0.46840337213811495, -0.609881273288175, 0, 0, -0.04837415439704869, 0.21243965384749916, 0, 0.22113765770214022, 0.5065587056828837, -0.34573672602263994, 0.4008690358043378, -0.6036285032582615, -0.5916880156316626, -0.20603203758549443, -0.8435609600481057, 0, -0.720242881087715, -0.5328594274575346, -0.35899633212519116, -0.120395224915124, -0.9107344604203991, -0.3774326451986615, -0.5821513478101875, 0.6449793713183338, 0.4292108985887464, -0.4624451951868273, -0.39214544432146936, 0.5920198356712535, -0.5669281018836833, -0.3243380158103466, -0.46888596379326963, -0.4957256086168553, -0.3074590641714462, 0, -0.1866024303442606
-0.22947130653711795, -0.4677169676520761, -0.2679411751452551, -0.20308818490315347, -0.296203951737668, 0.3909145762776163, 0.6628707255612101, 0, 0.4544232430562231, -0.1856064105039916, 0.3504745818004322, -0.45218750535742724, -0.4405111730042443, -0.17655107701488967, -0.48269006022452177, 0, -0.3995746816643332, -0.3520428827971844, -0.19078120543315313, -0.10082786553076244, -0.6308217924281899, -0.1878911510522445, -0.3692660009494076, -0.2045615905276513, 0.3711598801177692, -0.27629397827313124, -0.2878229771360137, 0.49738757292317504, -0.4172630786884013, -0.21527128428128287, -0.3233656776409752, -0.23817993894539008, -0.164559078549922, 0, -0.18027654512616345
-0.18988515284965282, -0.3685972487997741, 0.3211482382908566, 0, -0.2378461623815874, 0.41073068732049756, 0.48315110096934455, 0.24117654738989325, 0, -0.18019190440506458, 0.2495332366382159, -0.35117311044884114, -0.34160241096439964, -0.115993443429431, -0.5657148465054261, 0, -0.40202233333718995, -0.32490378613820486, -0.2556005134198556, -0.1444999034763868, -0.5360166235729591, -0.18512680106755178, -0.28912115620654244, 0.3471168500344709, 0.3322007404795674, -0.22394272745152247, -0.2399418195493526, 0.5604735290707471, -0.35956976881584063, 0.9424175768428928, -0.34987273800106333, -0.32926333365504457, 0.4242509478061843, 0.2665533043996432, -0.16544984735393603
-0.3937562140671726, -0.19649712701774452, -0.35785501345420156, -0.18476873626755982, -0.24033061309299877, -0.20813752070864783, -0.34937855101525817, 0, -0.1951245050729309, 0, -0.2550901696782109, -0.36924556318140755, -0.27620616245254886, -0.23463974579650768, -0.6265289686147303, 0, -0.4649729131833831, -0.49044219406157286, -0.16998176260179812, 0, -0.5484833403218964, -0.4344581850693613, -0.4955735972320207, -0.24105632051046932, -0.4502579313886666, -0.4246906933667683, -0.4523044493565104, -0.30614312530651655, -0.44121164329448476, -0.47629345150436697, -0.3268756142245402, -0.37332244629317235, -0.38929623817508063, 0, -0.16313601345960071
-0.27215864109343346, -0.22866236955702146, -0.30239205542219977, -0.19359080760541955, 0, 0.2754701002520231, 0, 0, 0, -0.30069270711762486, 0, -0.6379240316221295, -0.4665905119979376, -0.18708119612076624, -0.4407221869482498, 0, -0.6141428596359046, -0.45449857052645465, 0, 0, -0.6802265139942563, -0.2394153705780799, -0.4462631091187115, 0, 0.3986625454666696, -0.3161316523493509, 0.1976215684274001, 0, 0, -0.1917314491784806, -0.1717527163138626, -0.4648730461885493, -0.24023314746736782, 0, -0.1386556216293287
-0.8459728931030951, -0.4440912687618635, -0.5787436109466172, -0.29830975142957983, -0.41672127397820835, -0.29110215044760707, 0, 0, -0.26537059655839546, -0.3501726788355604, -0.4660628605989174, 0, -0.5378482613650898, -0.28734511053733885, -0.7128370903231139, 0, -1.259112934193309, -1.0224560081298044, -0.19216716486036794, 0, -1.202598877498418, -0.640399799612785, -0.8958210903685815, -0.4202499236911097, -0.6406850927962661, -0.781088216559534, -0.8815462192323198, -0.32168374880034173, -0.7573707537444084, -0.970541694670991, -0.4465256465555165, -0.8018101712726042, -0.6331378230549615, -0.07182244956781263, -0.27914156755865993
-0.6920071007782856, -0.5754070003821286, -0.4781847314786914, -0.30567069524559765, -0.4181191567109717, -0.235406812880646, -0.4113195402353563, -0.22725462996510384, -0.26292356838085534, -0.3074800121824419, -0.4137829682261584, -0.7808181867408954, 0, -0.22261147259031366, -0.6635895161646901, 0, -0.9623340660039377, -0.7401000134617658, -0.2785077522014951, 0, -0.9417733447416242, -0.47374146448629056, -0.6890791281473221, -0.36712495281589874, -0.42272703648423193, -0.5548238836411956, -0.6797328221796448, 0, -0.613374387416032, -0.6837639975145128, -0.40793746458277613, -0.5868929648452315, -0.5332400342678254, 0, -0.26228961124859446
-0.21825334894238188, 0, -0.17842849636889027, -0.15999125221021673, 0, -0.12080775807257489, 0, 0, 0, -0.14878443507126599, -0.22465316626933232, -0.2692249753377839, 0, 0, -0.14720044726648834, 0, -0.3232676263273111, -0.27227782244246496, 0, 0, -0.2313993516481997, -0.2043305458191832, -0.23934621298693876, 0, -0.22515900709084627, -0.14247448723390402, -0.2126692030872593, -0.11299534363382704, -0.17497683995215235, -0.18872714399175597, -0.16206826226588839, -0.2093571166850848, -0.26015800049254245, 0, 0
-0.9306760542416486, -0.8507948417313502, -0.570945012581006, -0.3271520820401867, -0.5985077162675767, -0.49999376896072534, -0.9294989131902232, -0.48198175769798185, -0.6792915507241961, -0.5132208466294523, -0.4734655598596487, -0.75820492766471, -0.7344375184250571, -0.31123378808884955, 0, 0, -0.9320584454227975, -0.7832138171396196, -0.5208996378851165, -0.2247084599801509, -1.1797259739508423, -0.5114274223162442, -0.8553688062167872, -0.5963637090021875, -0.5616743338188344, -0.6965964189150183, -0.8029801142499755, 0.7384670895010407, -0.982519114798007, 0.4975991062723914, -0.7899962072884097, -0.7693370577032128, -0.5820776964379586, 0, -0.3337778359458854
0, 0, 0, 0, 0, 0, 0, 0, 0, 0, 0, 0, 0, 0, 0, 0, 0, 0, 0, 0, 0, 0, 0, 0, 0, 0, 0, 0, 0, 0, 0, 0, 0, 0, 0
-0.7831513077190555, -0.4171742443828509, -0.6259536391224843, -0.2966486774054585, -0.4703669617454278, -0.36261424483412075, -0.4877784005613524, -0.29016603797387774, -0.2925789566670832, -0.5331983212809077, -0.41402273446934357, -0.814417980993474, -0.5401206283087149, -0.3993832374245319, -0.6582739472664191, 0, 0, -1.0103575365079251, -0.19214196055569302, 0, -1.0724659913939292, -0.5891144336871701, -0.8583787466432149, -0.4294099030940942, -0.6266547310361356, -0.7510099888979417, -0.9079075269923359, -0.4149785774293439, -0.8625657547828709, -0.9957167418365187, -0.5216583934622125, -0.7474516117225106, -0.6652908810293544, 0, -0.2710044512232543
-0.7798189970246154, -0.30458373655600157, -0.5273337750480023, -0.28155810813423804, -0.36571011871216563, -0.2711790429457179, -0.3877749138539959, -0.24290571803605426, 0, -0.3962790158192105, -0.37634338694229014, -0.7794911880180257, -0.5061639410639407, -0.3072579235843313, -0.5814108131375205, 0, -1.2106622477204338, 0, -0.1983284974002396, 0, -0.9491358614272607, -0.4775188591873121, -0.7315849719245887, -0.39805633478803043, -0.5383316455514854, -0.6932183132047148, -0.7241004240452216, -0.336927781263264, -0.6652487394654703, -0.8334761001946055, -0.4935974145584113, -0.7629186104067782, -0.5276684680912596, 0, -0.22934815010544024
-0.654344783603837, -0.6530596849967992, -0.3710871866100576, -0.233474525384929, -0.38490958873689773, -0.25626329300266226, -0.5544701081967166, -0.25587853749061656, -0.40881463914853694, -0.3143862248097504, -0.28059343700015893, -0.5559449474239375, -0.4651968573670369, -0.1841339960571682, -0.8238279982521902, 0, -0.6230100318450815, -0.409749482266079, 0, -0.14765065889586623, -0.8607397175677381, -0.4118289286228508, -0.5366110386065202, -0.3145173992582735, -0.28564074739505746, -0.41976800558295246, -0.39259876642331787, 0.6856573089375203, -0.5670277352914134, 0.7747322264476902, -0.5189700941671365, -0.3907044400307478, -0.40890090753644576, 0, -0.24874473418462842
-0.30108146688088927, -0.4124179806047331, -0.3018279607521969, -0.10322394819038178, -0.27314694945438284, -0.24009779547236637, -0.3530440135411454, -0.169803219758267, -0.22394260964288884, 0, -0.22560603286785172, -0.29849366869606825, -0.27938287558741154, -0.11071780386984882, -0.5160131962395723, 0, -0.2753013732867655, -0.28975508872128364, -0.1251104567094798, 0, -0.5866092911019823, -0.266976438929301, -0.3538875251498656, -0.24756449761712665, -0.24133340429722383, -0.19364448300406406, -0.27523625639549415, 0, -0.39829543234486187, -0.18788919995406547, -0.34793557772805084, -0.17013340869384336, -0.2749999706479709, 0, -0.2210416429208583
-1.3309091844099148, -1.0729324519519665, -0.9716706760837289, -0.4372093851703072, -0.8634295481716715, -0.655554417261134, -1.1857345410291327, -0.46891952554802396, -0.714714299820169, -0.5796765864312334, -0.722530664096067, -1.2450717062734518, -1.0268220054056574, -0.4110149776917858, -1.5506274286750459, 0, -1.6785051916987164, -1.2980603331958516, -0.5410069807801333, -0.13062964938917188, 0, -0.8573426675994777, -1.4366702967574652, -0.7775113203200159, -0.8308379847082897, -1.0426062785645305, -1.3124580526781584, 0.46564837452258534, -1.5915503394650514, -1.107621071906332, -1.0999529665528223, -0.9295260391744244, -0.7977242595074561, 0, -0.29453741073341005
-0.4254459611202201, -0.20324622960698058, -0.3469886891554057, -0.19381839017639424, -0.2689940499234315, 0, 0, -0.1435522411082034, 0, -0.3756624377619353, -0.30059214160648706, -0.6556912840555629, -0.3292016616528843, -0.22639374233362664, -0.433822321142333, 0, -0.7000164594871503, -0.5081364409079845, -0.11362697569793165, 0, -0.5845791278802013, 0, -0.49862313664108565, -0.2849623159851397, -0.2838392530939801, -0.3826318064099183, -0.43160775277488367, -0.1539783541593657, -0.4608437238657252, -0.41476351035707343, 0, -0.5091892925850021, -0.414262430958898, 0, -0.16733247114515157
-0.8096079558904264, -0.4942916267918453, -0.5400896307180052, -0.31570057114721334, -0.4285002160123715, -0.2925607392099368, 0, 0, 0, -0.42714322605438354, -0.43755008477028395, -0.8305369381976057, -0.5062085746529984, -0.3168789094944095, -0.6944538154987115, 0, -1.1947271382584261, -0.8518666710762285, -0.25389347635014897, 0, -0.9484967248816867, -0.5409797179075118, 0, -0.4397385302637863, -0.486731894866627, -0.6814831727929631, -0.7121615293488655, -0.24513711695139814, -0.698884014687494, -0.7414934152642345, 0, -0.7023113984798636, -0.6413753014361067, 0, -0.2100723912152488
-0.23406267281352003, -0.23858423154048716, -0.21573959916073618, 0, 0, 0.21319998963169534, 0, 0, 0, -0.18349543423717993, 0, -0.3457123572926603, -0.24443903938182757, -0.16208937729235, -0.370955333044073, 0, -0.4390499333552562, -0.33428048982977365, -0.11839833461629574, 0, -0.42656438438540356, -0.23990086954833595, -0.2979430828641323, 0, 0, -0.24964826987832953, 0, 0, 0, -0.25024186250532054, 0, -0.36503348077736764, -0.2516013312282461, 0, -0.11720280908063133
-0.21378529476746247, -0.23541761762042546, 0, -0.12106736113759671, 0, 0.33860007870431197, 0, 0.17815995963439882, 0.2982427552510488, -0.2725429626972594, 0.2728241442349712, -0.46059588065410073, -0.1952038658848426, -0.17696730503929078, -0.36814879995520916, 0, -0.44821189136109096, -0.3947372473579302, 0, 0, -0.5341327347058021, -0.2450510952501158, -0.34011840499967644, 0.3527565024778563, 0, -0.27992868991340114, 0.540051428628411, 0, 0.4180463949862855, -0.2800614071305344, 0, -0.4644271049263026, 0.3785998822394539, 0, -0.16805898471722883
-0.500919999955045, -0.2511498278053172, -0.40579728148577604, -0.2316019564508732, -0.2697953425992117, -0.19666692266967536, 0, 0, 0, -0.3520224419906788, -0.2867295142424652, -0.5279771758695005, -0.3804727182501779, -0.21668555600109374, -0.4658193254670871, 0, -0.728238705290785, -0.5864167723517879, -0.13684211247069772, 0, -0.656571536509412, -0.320659411822528, -0.5429862807664069, -0.26822777999389746, -0.35638996314174143, 0, -0.4860969652209532, -0.2594133963512785, -0.46698003228606055, -0.5611858076362288, 0, -0.5433023418249554, -0.40939754657295324, 0, -0.1559684402826381
0, 0, 0, -0.20481100602463456, 0, 0, 0.061969257873405514, 0, 0, -0.2743215547068104, 0, -0.4725364509742077, 0, -0.2413698696050182, -0.3697346621574722, 0, -0.7066642686344554, -0.43873563436850177, 0, 0, -0.5681835379221833, -0.26448993296166123, 0, -0.16648353171559227, 0.2941661926814773, -0.328286535416417, 0, -0.18753767378298883, -0.25305935766627524, -0.3348732947938846, 0, -0.47688832700162614, 0, 0, 0
-0.3425355716844256, -0.23897234823286642, 0, 0, -0.1823047891284808, -0.12086635840131102, -0.29509145280405213, -0.180290437680227, -0.21515101319972774, 0, -0.13704354532135604, -0.1673238090776505, -0.21942583128826207, 0, -0.27605283747727477, 0, -0.21293818305086631, -0.12534068750103297, -0.16654048652178988, 0.6283236777293773, -0.29359728773525195, -0.13939735593665034, 0, -0.19918332372374092, 0.2630172834148464, 0, 0, 0, -0.29052752916151237, -0.1946880291510709, -0.21328102931319418, -0.1471208033763602, -0.18257783001512765, 0, -0.12067508073194215
-0.6115584838485332, -0.6957873070027384, -0.45554973204211485, 0, -0.4796814611083746, -0.33543997847175844, 0, 0, 0, -0.3499479496253521, -0.38588300941358894, -0.7064684337539509, -0.653249412781963, -0.28399646869106393, -0.9144295074094034, 0, -1.0094018282598631, -0.6978742637272941, -0.3846268390835061, 0, -1.050223393629482, -0.5137025559788483, -0.7237534280561064, -0.41126664259815376, 0, -0.5651044995396106, 0, 0.5484426078744156, 0, -0.5187106948002234, -0.573917227400147, -0.6296853324748551, -0.4427303803713866, 0, -0.2784570387121692
-0.3703272116420424, -0.33096603619992754, -0.22721750567816568, -0.09694581371672206, 0, 0, 0, 0, -0.1903112499913856, 0, 0, -0.36330253398420936, -0.1685313193910252, -0.20305080701182432, -0.46213041297482227, 0, -0.6915756267840001, -0.5158442609564902, -0.3155901414139502, 0, -0.33111577527483776, -0.1945407249205151, -0.38307811360145533, -0.14283431542994332, -0.27024770332003856, -0.37861780237052306, -0.33853426382025775, -0.22524437729571628, -0.27846471433906544, 0, 0, -0.503167000551633, -0.27713510821329584, 0, -0.11901413346608916
-0.3996811625513443, -0.5338568032852835, -0.33228415510092496, 0, -0.36954174461472544, -0.28488007462027226, -0.3898207976165202, -0.2241892582506392, -0.29087439522296205, -0.21057979313832162, 0, -0.48362580237677166, -0.4800573688030459, 0, -0.6063726386374427, 0, -0.6859497212825597, -0.445870231410204, -0.3139328818551449, 0, -0.6026055994154429, -0.332953893343583, -0.4874031100393517, -0.3277449602942979, -0.2518919249999728, -0.37470437288128866, -0.40526299935810706, 0.5112874207704031, -0.46948187627203847, -0.34439051255069847, 0, -0.3801390737239729, -0.3160667173093531, 0, -0.2167114592724375
-0.3637277535046295, 0, -0.32566292844780753, -0.19879615257519193, -0.24411365110157435, -0.20717947994110533, -0.28343433831082715, 0, -0.2257781408220837, -0.2035517418570732, -0.2676043473281655, -0.37664866476772746, -0.23498734813759473, -0.25619527982152357, -0.5079592397106676, 0, -0.3616417033809565, -0.4943374357517711, 0, 0, -0.48913391538375817, -0.3524245206487972, -0.48744408756258895, -0.24633548389316873, -0.32231586757898983, -0.4191363265742256, -0.43196825884961254, -0.2091506564773537, -0.38189744117274094, -0.39773405696746905, -0.28883505242728125, 0, -0.39112645777154614, 0, -0.19964864732648024
-0.4085008230008501, -0.39021948496840336, -0.3368455585714978, -0.18342220337903134, 0, 0, 0, 0, -0.15771579611293304, -0.32509025980248674, -0.2979956203696904, -0.6609656407991269, -0.3523757525442582, -0.22354783517608803, -0.41457665156491824, 0, -0.743002865615084, -0.5476698868202045, 0, 0, -0.6074486845657702, -0.34409213350235224, -0.5198896305337148, -0.24828587914070527, 0.404175196330282, -0.4097048327695964, -0.44580820169283464, -0.19017879791158487, 0, -0.4226076547792853, 0, -0.6134391611246292, 0, 0, -0.19404868716554122
0, 0.48094855922824753, 0, 0, 0, 0.25296258387571935, 0.5067949966134533, 0, 0, 0, 0, 0, 0, 0, 0.8366611081352746, 0, 0.6062965093624553, 0.42397339241011833, 0, 0, 0.5665583358805454, 0.48335656473196054, 0, 0.4293622425119668, 0, 0.4329315500732896, 0.42196312986265294, 0, 0.47852112523065754, 0, 0.47023682584884713, 0, 0, 0, 0
-0.4133798377721349, -0.2145360883781056, -0.3219542829050427, -0.1369328400956125, -0.23551973178589247, -0.18136315239688025, -0.26767441494346444, -0.17803188018945423, -0.21824218181288485, -0.2529962503758556, -0.22658337795187797, -0.32440671945280175, -0.23917925193929118, -0.12369425482713628, -0.3232970474585137, 0, -0.4210680885644445, -0.3876218691885396, -0.17539055239925788, 0, -0.48678145007992957, -0.19142541671122276, -0.33018345711304503, -0.2064738287416782, -0.3355974712015105, -0.2613362179266407, -0.3192287553904248, 0, -0.36485848085252154, -0.29688228073027917, -0.22613095130810448, -0.2978837958625563, -0.31597844921722745, 0, 0