0, 2.9927303254327917, 3.0918413385109105, 4.394830212079313, 3.0991559759814717, 3.7510732378363834, 3.861069344339497, 1.9197785172200301, 0, 3.0718627588911103, 2.3266507810908426, 2.9947361378332977, 2.0696169618202402, 0, -0.15820953641023516, 3.557001836126239, 0, 0, 0, -0.23106739754046615, 3.4688080954874474, -0.08500087465977604, 1.5337617531732595, 0, 0, 1.4405299820364206, 0.9349677693914308, 3.1831294056109702, 2.3730756088722798, 0, 3.4216093773949936, -0.11724547679756268, 2.35958215512459
3.686986262231631, 0, 4.998271111638918, 7.182520054001066, 6.0350961459009325, 6.239605628360271, 6.263068043979084, 4.840432242587898, 0, 5.414867766293811, 0, 5.59196000002153, 4.291959825604391, 6.090045982020333, 6.5237652349968585, 5.8355244172389025, 5.244154025000792, 8.039100628469575, 6.080693358716034, 3.177779858638213, 5.884668975397714, 5.171791709401667, 2.834811854099329, 1.8377163774185703, 0, 3.8671211775895107, 2.609163635471693, 6.236946999141323, 4.292171340842561, 6.650861736066492, 5.816498908470212, 5.982690691499942, 6.188379216152506
2.9377319067278256, 4.486239204443742, 0, 6.64793684852919, 6.111231806619878, 5.578466869646039, 6.342868148533904, 4.321030257392044, 4.714369285879081, 5.077987716396498, 0, 5.4450553462883775, 4.738021781722132, 5.614731253951353, 6.30256937134125, 5.413401503921978, 0, 6.588538984611773, 4.449661437893338, 2.828227593411134, 5.670838045892215, 4.78638264564686, 0, 0, 0, 3.5888668751142476, 2.4773056194493694, 6.340379751888746, 3.71834261095723, 5.750173370525354, 5.513962919271469, 5.17306641575321, 5.4740102893563
4.047579468640811, 5.314503268083507, 5.484356978168229, 0, 5.287214499915235, 7.082966982562622, 0, 5.304545364275726, 5.235508339294725, 5.789885836659435, 4.535490187721604, 6.131002465519704, 5.60718500251233, 6.7390333107809735, 6.5803228741241195, 6.528229965712839, 5.429179593809703, 6.448628121775711, 4.815767919755634, 0, 5.407564369247409, 5.36970654899542, 3.4619544327002254, 1.935896241867806, 0, 4.054963380726528, 3.3394569630971613, 7.294652789780525, 4.657904662061151, 6.264706131988458, 6.152315022203413, 5.385139126592676, 6.581626703132693
3.593587710430155, 4.675135950445137, 5.774210188243368, 7.089867406135868, 0, 6.417032273330083, 6.764754628929302, 4.693110484614377, 5.089443962863134, 5.200063529417808, 4.2394301070184515, 5.406804642997381, 0, 6.0811015862727, 6.807694058746516, 5.669794507374994, 5.61986097729932, 7.689712024064385, 0, 3.206151810358621, 5.857542439218315, 5.102873911095343, 2.4387264439569534, 1.726615960370987, 0, 4.319146418669324, 2.350605039054989, 6.67638092597596, 0, 5.555940214540399, 5.5404000174421455, 5.687223249477582, 5.650841352765114
3.4114943924638514, 5.367277312741341, 5.384129739366413, 6.793095223166342, 6.77583496905871, 0, 6.377550430869796, 0, 5.326637735170028, 5.661924008348277, 4.729908008800726, 6.233382056622588, 5.6682546036385215, 6.25763203606834, 6.816326933581505, 6.530627381382698, 5.528510059471298, 7.663505663765214, 0, 3.8079846147124017, 5.422521336379749, 5.326128319309913, 0, 1.6738313615296938, 0, 4.302142494378261, 0, 6.470604572388095, 4.487065849122436, 0, 6.602528320693453, 5.77382564641046, 6.337680606136044
3.4321403826981305, 6.085242008997028, 6.974454260420186, 7.1060852501948695, 5.560260830091444, 7.107741380067296, 0, 5.6517079677547475, 6.29399100147708, 5.186517880608619, 6.140169157427895, 7.355531654687161, 6.517104851460278, 7.800550064902829, 6.993077973013383, 6.536582819383269, 6.187060037804556, 7.9781426476778226, 5.368252567237797, 0, 6.179824190899843, 5.067208150060485, 0, 0, 0, 4.779233094751349, 0, 7.296727493697142, 4.891205180680189, 7.60492408041707, 6.3901388037318, 6.068715196827444, 5.721881548629899
1.9156538717030833, 4.457346714642547, 5.249521559255051, 6.405165975469649, 4.749795736869579, 5.329026194126485, 6.753100874046396, 0, 4.813826777792949, 4.392965326549548, 4.163235290030891, 5.917268671472238, 4.0710286594687926, 6.422893213128083, 6.0841459207696555, 5.719192899298167, 4.4504439537114475, 6.196498129835776, 4.954629809394841, 2.5782576098414456, 4.829332378248562, 5.163284947757506, 0, 0, 0, 0, 1.6375447816932232, 5.544468477396205, 0, 5.0825349017610435, 4.899904083815879, 4.844407505643639, 3.9248503107703914
0, 6.168235835446866, 6.2125894182218895, 5.3085698751880415, 6.59859090316286, 7.5419685486712655, 6.970224762566697, 6.018390408232571, 0, 6.310687492089858, 5.251434443209709, 6.627538060877128, 5.962762489138734, 6.314524361436361, 6.8814562138813775, 8.005130126220457, 6.141296104246549, 7.521364180583198, 5.56636168808604, 0, 6.883635232129285, 6.08819823746258, 0, 0, 1.2295827472285332, 0, 0, 6.5416013444625385, 0, 7.35861857504177, 6.311761921137638, 6.24110538921877, 5.557685092566005
3.8007872901497954, 5.534562879375565, 5.7785916264150075, 6.829729476104753, 5.961537553180894, 5.471425188382102, 6.582695812809352, 4.9699726470789845, 0, 0, 0, 6.045488100841652, 4.730479322714863, 5.143337148415655, 6.634294569644216, 5.398845547721212, 5.312812988633982, 7.737186097480265, 0, 3.1761192126632958, 6.4825086080184, 5.182614221718667, 2.076660522348006, 1.598346184620355, 2.0657486780473273, 4.302308476826457, 2.383037959984928, 6.531323469338096, 4.874712830617651, 6.093512854775871, 6.1381398915885645, 6.016415744641777, 6.300712025346166
1.9681166361596387, 4.109190401428097, 4.476197672129178, 5.3661271451557715, 0, 4.433998442308915, 5.486177093575676, 0, 0, 0, 0, 5.157348615818108, 0, 4.39917881516485, 4.189861894690189, 4.8265251200817, 0, 0, 0, 1.8907813279913288, 0, 0, 0, 0, 0, 0, 1.6560298364697232, 4.742260751653147, 0, 0, 4.534952596643629, 3.9176204844565525, 3.7711767971175494
3.6460753434618796, 5.613744910904501, 7.971078358728706, 8.365611714190042, 6.323316174906043, 7.256015779540869, 6.956416405380395, 5.2302728702861145, 5.266892432466679, 6.59614685712214, 0, 0, 5.473119726235264, 6.261634911805653, 6.2732608889544, 6.463792618883331, 5.4894596327132135, 5.997936130685993, 0, 3.282057302458041, 7.1134341353408255, 5.3864816825336765, 2.6788225454425403, 0, 0, 0, 3.162339041404386, 5.8895938394430125, 5.04966232369264, 7.1519128751324175, 6.357657761961615, 6.287143935463928, 6.553919479131607
2.4291248891189925, 5.058891821609212, 5.254501436490913, 6.014035533426016, 6.014116410783797, 6.790032802386179, 6.79944467951076, 0, 5.251042731352905, 4.8034985830275225, 0, 6.347691297608962, 0, 5.547850270180102, 5.405126414164419, 5.400513088041336, 4.630620562317351, 6.548335227394546, 5.216176605883971, 2.5234516481351785, 6.799665139969726, 5.020914267729734, 2.031172607038543, 0, 0, 0, 0, 5.670305762849129, 4.316252353207092, 6.759750145632418, 5.182925375678454, 5.071107977074031, 5.333024637782152
2.6674782796673457, 6.350202402334969, 6.923954667087601, 8.578989526377793, 6.529015068413041, 7.488582313652265, 7.80400320727829, 6.160330229162848, 5.414869048942787, 6.189967026680232, 4.684715133936307, 5.089032559991506, 5.848855275276364, 0, 7.191948850053505, 7.843723164155862, 5.704515119424362, 6.055821646459005, 7.152236700872318, 3.557831816891483, 6.772008530721223, 6.173973353783283, 2.71058458247423, 0, 2.071155340887042, 0, 0, 7.085191502574243, 4.304156306442318, 6.531774439410443, 6.179777153840333, 5.792536228151288, 5.35596593300739
-0.7779392901530989, 5.297433259835838, 6.104239609293911, 6.50171531837607, 6.196201509395934, 5.285251665406956, 5.891220964303006, 4.695022848329051, 0, 6.449811923656574, 4.66613516519282, 6.896716823093517, 5.0943800544374795, 6.169714404205889, 0, 6.238475249519636, 5.650321040102092, 7.514585538521657, 0, 4.000665228047451, 5.509749532114182, 5.633788469663336, 3.165018533863702, 0, 0, 5.179059790894791, 3.364089081175848, 5.879094718417256, 4.654686620488405, 6.678225471081179, 6.612553154950351, 6.0917201972443165, 7.0846009432902814
4.21974418931186, 5.598811778830708, 6.400989458789524, 7.706816076963415, 6.933736261999938, 6.43824531823989, 7.228697656714432, 4.960368391424412, 5.387469685662637, 6.382736831410748, 5.091941954828741, 6.807409043737381, 5.618861612653295, 6.8764972806575235, 7.754183548785727, 0, 5.8889893887818845, 7.318918640745215, 0, 3.8746014839221785, 6.468570695924604, 6.1493875002688245, 3.181754346554857, 2.4792328796214345, 0, 0, 3.4615499280389477, 7.323991379644281, 5.26405155739916, 7.464608287520516, 7.203144297535621, 7.05706892255117, 6.857073239890957
-0.5243071193726457, 5.465365510220338, 6.225750275614776, 7.646886181444867, 5.9187535171356, 6.004885976358304, 6.534572939530399, 4.6824538270599145, 4.79127321400656, 5.450463658979553, 4.26818532276982, 6.320980520551541, 4.971389808916081, 5.692485811446608, 6.1329352444878396, 5.310308591697452, 0, 7.459100527851903, 6.311517369786817, 3.44308868067565, 6.020534071758592, 5.4421077440313015, 2.56991225797421, 0, 0, 4.28792375227355, 2.329303836843291, 6.629011798556641, 4.9561893612845465, 6.352840440458667, 6.72615969783318, 5.209748922097716, 6.135563996616478
0, 5.969306926749165, 7.21674503201433, 6.78603001030453, 6.17130604778805, 8.102631362672831, 7.08252601142469, 6.913840134219156, 6.351934701773835, 6.059964206564312, 6.891552708725438, 7.715481852750952, 6.807325773298983, 7.998219082916416, 8.456858499750346, 7.407809919820492, 5.121277164867895, 0, 6.266362927920458, 0, 6.7333548420156175, 6.199428718581148, 5.159781576806534, 0, 0, 6.238473314581787, 0, 7.629017432726709, 6.276471277081438, 6.5376718993711895, 6.274828121226617, 6.5443853854895675, 7.386305151507216
-0.4903527245603715, 5.059151993206505, 5.17541850970021, 5.712347815356537, 6.24183925924069, 6.944880749413467, 7.210044250769469, 0, 0, 6.85731497319284, 6.41684483382397, 7.6280171268662365, 6.104583141030007, 0, 7.03351293360229, 8.025072480322667, 0, 5.916250253204196, 0, 0, 0, 0, 0, 0, 1.295717740089701, 0, 0, 5.408617069103593, 0, 7.138637712909576, 4.746926702386565, 0, 4.967771298511244
-0.6612764030532113, 3.559483899138057, 3.6218377019816526, 4.797207164733753, 3.7967209926817027, 4.216049144882644, 4.979567675293896, 3.0734998316091637, 2.624948762471762, 3.870506626075346, 2.405290246273273, 4.059544051234624, 2.764761620153939, 3.462222676677434, 4.500592467754214, 3.654124841983119, 2.9167531091635577, 5.797083623893677, 4.021107031821815, 0, 4.470238137834052, -0.43323956785480594, 2.0902933508160984, 0, 1.251584152389461, 2.721285739701695, 1.7596302660112852, 4.062517268075938, -0.25783440390131823, 3.8095296738504647, 4.135506207773019, 3.553100493630787, 3.7626940683085928
3.8054331640935204, 6.061282245622909, 5.513899776174332, 6.908025988655828, 6.06077270293779, 6.843180689396187, 7.03664372544857, 5.56999976111288, 5.680063188539959, 5.754314927421366, 4.819875219478457, 6.06690023334264, 5.056579550461577, 6.137232990034023, 7.0811078525976825, 5.957620855640395, 5.0700702594038205, 8.040503815061887, 6.124236728008835, 0, 0, 5.822848212336263, 3.1554595392348244, 2.195534668099634, 2.3535737324537167, 4.780940841274358, 0, 6.2929848430660185, 5.2786127224937935, 6.540618046835448, 6.284332600751258, 6.095791493112341, 6.45986789033315
-0.856581471004118, 4.806329227890017, 4.643878259617209, 6.2964431639523, 5.454705266100466, 4.8846799819208035, 5.81731352170252, 4.39274640960951, 0, 4.956244207856078, 3.4725362221603198, 5.543229354093381, 4.59764405445921, 4.8750909329952705, 6.046933486719705, 5.351205886462872, 4.437743043699163, 5.767668610542307, 6.041869486158187, -0.3039071714168618, 5.461472921433757, 0, 2.041178763838799, 1.417370903377906, 0, 3.5151555406109596, 2.0829090370426555, 5.884572971540052, 4.213131847358324, 5.126823766694174, 5.488636273995457, 5.2321568806535135, 5.6510551167377825
1.0502159692127042, 2.3820967800140505, 0, 3.154759801717287, 0, 0, 0, 0, 0, 2.329756897920336, 0, 2.7962627210457756, 1.8967223175242884, 0, 3.2402191299314875, 0, 0, 0, 0, 1.3393292532744432, 0, 2.3492946830161325, 0, 0, 0, 1.5286085829558727, 0, 0, 1.664454810825135, 0, 2.5978474304741264, 0, 0
0, 0, 0, 0, 0, 0, 0, 0, 1.3508904410026614, 0, 0, 0, 1.4437787192298674, 0, 0, 0, 0, 0, 0, 0, 0, 0, 0.9106914322128136, 0, 0, 0, 0, 0, 0, 0, 0, 0, 0
0, 0, 2.0701845280043165, 0, 0, 0, 0, 0, 0, 0, 0, 0, 1.5131932310140366, 0, 0, 0, 0, 0, 0, 0, 0, 0, 0, 0, 0, 0, 0, 0, 0, 0, 1.8409750202457111, 0, 1.2572850752610742
2.478516490075562, 4.785942305823689, 4.485932280295638, 5.58586748084163, 4.989746967037699, 5.153118346739078, 5.895879783979064, 3.3264704870516417, 0, 5.304090111544304, 3.3813481819742126, 4.72360016103592, 3.8938232731904985, 3.597458986525345, 6.095664436375822, 5.726566489137071, 4.485549862807196, 0, 4.166838475249485, 3.0032537089339786, 5.623552296482769, 4.693947980895048, 2.300435415297506, 1.3560382073002109, 1.5855200369755698, 0, 1.5637728981226557, 5.434302040238075, 3.9820450543529127, 5.218666189886881, 4.9458435188761625, 4.4716439024805, 3.467073725844617
1.382431345915441, 2.602060598840436, 3.000818708285283, 3.5653116940339253, 3.0446214576071156, 3.4355248895964485, 3.840674807416451, 1.8890035337778948, 0, 2.874490875805383, 2.4914733391111805, 2.6975614460615933, 2.19048196993479, 0, 4.214817925982913, 4.033876570932006, 2.471450470752342, 3.0503247008525936, 2.1551771127472126, 1.8345663126987728, 3.775853539654596, 2.86572954935259, 1.245311764507045, 0, 0, 1.0306611317852914, 0, 3.335804456327539, 1.8413017756318344, 3.176025387663121, 3.2349910805565583, 2.543203097053893, 1.752160037697087
3.7951802263942067, 5.081414750076058, 6.098861441002732, 7.615467370319598, 6.297152944628017, 7.325479100412521, 7.23756013528286, 4.756608971019473, 0, 5.856049845877558, 4.625934652904591, 7.256609083405443, 5.349909723019774, 6.431406022024621, 6.925885337127088, 6.472463447749148, 6.047791436948805, 7.802306745921473, 5.302959525023623, 3.669636179775929, 5.818781836931395, 5.69579579655642, 2.7521667365481677, 0, 0, 4.475930413543803, 2.72119559747967, 0, 4.540201417702966, 6.312901209139799, 6.037534157489697, 5.994154278413399, 6.425708939094504
1.7299922673349257, 0, 0, 4.981496786672304, 3.5925667320756345, 0, 4.8223085432775665, 2.812257766366245, 0, 3.6110750470291797, 0, 0, 0, 0, 4.5257519139920825, 0, 0, 0, 0, -0.28972031818204796, 0, 3.1757042114947045, 1.176614804458482, 0, 0, 1.7311874224044663, 0, 4.155411292003108, 0, 0, 3.876184267636923, 3.299136123496175, 0
2.9817342802296047, 6.073110535245159, 6.7292021535949695, 7.447560885159803, 4.903939387050345, 6.584493613455777, 5.9910219805160745, 4.910253604752118, 5.315005773576437, 5.892150383309871, 4.908547357527366, 5.8263232270233525, 5.281127497327678, 7.035116727260523, 6.62958269576212, 6.072955139337988, 5.582123708664144, 7.32350713252606, 0, 3.519385005594117, 5.9261515991477856, 5.242770033840166, 2.889791248687601, 2.531929166378894, 0, 4.874463613543942, 0, 5.365166301401632, 4.691658257387966, 0, 5.628260290217161, 6.047926599802454, 5.471091869896131
3.564621786111021, 5.635807634397452, 5.399783569642402, 6.337571530476109, 5.571304603388282, 6.461608993221963, 6.883587179408962, 4.812991934652419, 4.946805783826509, 5.254229434519137, 3.786438091399144, 5.056307739207195, 4.608462964161952, 6.129896900858852, 7.158034593650127, 6.228407697018379, 5.7347592147323185, 6.6927527699999585, 5.523044286345834, 2.9955688991242, 5.324791673725724, 5.379181744610158, 2.615461715684033, 1.3603909920900097, 0, 3.8342606846061984, 2.3803209287840716, 6.156182227759151, 4.575536181270863, 5.301653318533922, 0, 6.006246790484475, 5.691755617754421
-0.2914946708204387, 4.848772962270602, 5.475444679498033, 6.555481437378558, 5.548136890123047, 5.971831946675479, 6.29618814241017, 4.497624080831066, 0, 5.315285351509392, 4.416638413199992, 5.559971777253252, 4.294382635212773, 6.376405868262511, 6.107869964912677, 5.295432762812994, 4.6657898941895875, 6.3878716752231925, 6.106687014894571, 2.9272036391474576, 6.167192897814664, 5.225421757161412, 0, 0, 0, 0, 0, 6.292486610728396, 3.6644651757223565, 5.763218450335263, 5.866961366955211, 0, 5.363172371217032
0, 5.071039434573817, 4.773992486008552, 6.193418981959795, 5.030819020920811, 4.7324560050539075, 5.67751943488957, 0, 4.673385899184115, 4.968814243969275, 0, 0, 0, 5.468158694494816, 6.268044938555707, 4.6656837195631, 0, 6.485578034174022, 4.926867479998367, 0, 0, 4.108905658971821, 0, 0, 0, 0, 0, 4.758282161377976, 0, 4.840361507471506, 4.272130351678831, 4.219834757283521, 0