0.000000000000000000e+00,1.125918482683883164e-07,4.803728784918650084e-07,5.900286652452944827e-09,9.097368379342621998e-09,2.444055612271070303e-08,3.781722381545768520e-08,5.796013007868880819e-07,2.379717832031449725e-08,2.380052699555172767e-08,1.316894599297179176e-08,1.338525199596124170e-07,2.266844412890261954e-08,1.246459065388715015e-07,2.798488113548384031e-08,3.390550599735281494e-07,2.577364072972907965e-07,4.372105798671035167e-07,3.440225152553119352e-10,1.926268282699899650e-08,1.391795980647969919e-07,1.976707402308736663e-08,1.569960000071512395e-08,2.324526488365792114e-09,1.845041428874831326e-08,3.616687839509403991e-07,2.173399183456478278e-08,8.363097286760133639e-09,1.158776906065954165e-08,1.838511945906779347e-07,5.555457037070234023e-08,9.792698626108988847e-08,2.270424410658093918e-08,8.922102081674108543e-08,1.428401854215369411e-07,5.093882216188590954e-07,1.925307300084596541e-07,5.276242617664719554e-08,2.125341453430871871e-08,4.385652882591232166e-08,1.787040276849929127e-08,1.919446735163416174e-07,1.169515331868098217e-07,6.442460462487001680e-07,2.519366055182388292e-07,7.220233495804275552e-07,1.029666226900464053e-07,5.192133801730972946e-09,4.150719531594397753e-09,3.895930834511392735e-07,7.530086829506941109e-08,1.274675492940793296e-08,5.222431492980866547e-07,2.905387684302414758e-07,1.083909653351905643e-07,1.296209241840935406e-07
1.298707335263221611e-06,0.000000000000000000e+00,6.165803882717784199e-07,4.747265053161758967e-08,3.565655936874248663e-11,1.337503210477979795e-07,5.035687896550865628e-08,3.526618625162274994e-08,1.236633873339084491e-07,5.001309704855224160e-09,3.560683796007961972e-09,9.411045781529846455e-08,3.536325165935806837e-08,1.294655658658961298e-06,1.353730582496699253e-07,1.436138651228467680e-07,5.770724003080131444e-07,7.444940947115734195e-07,4.241566422609149172e-10,2.168053294405664168e-07,1.955258992717561919e-08,2.255969566648003509e-07,1.526845301199082433e-07,4.849172926510884326e-08,4.139683665555376715e-07,1.165810491903312955e-06,2.736213336907213308e-07,1.778981500111145652e-07,6.190097157129848025e-07,5.286304380552408321e-07,1.057810986377486001e-07,4.989684889841710043e-08,5.664698063260357007e-08,3.866664968669451588e-07,2.150336880756323377e-07,3.710375246409083637e-07,1.155097309741830548e-07,1.702822864434296037e-07,1.263385044861295772e-07,3.156013806340153547e-07,1.227027483549611666e-08,2.951532762974765066e-07,8.306255200724902395e-08,6.654207241896083431e-07,3.296761234360202579e-07,4.059382929686139312e-07,7.302121430580612665e-07,1.238192727352181785e-07,3.512856218593591872e-09,1.172560224259862010e-06,1.531739167403972484e-07,3.673386600690098277e-08,1.132314336192860149e-06,1.216914120941355915e-06,9.921713934836949291e-08,7.925087519890551364e-08
4.247700473421650170e-07,8.325048210288354251e-07,0.000000000000000000e+00,3.461862710680647792e-08,6.601164368908677259e-09,6.042052704979398022e-09,3.088595739693319718e-08,3.349864065653792455e-10,3.326835283721890015e-07,1.271602037619320271e-07,6.255326929570049965e-08,9.191397129482385857e-08,7.720120962880121616e-08,1.965926356380253093e-07,2.693170420735020660e-11,2.805652463818560683e-08,2.366028980001765187e-07,3.433380812051789908e-08,1.394798979104371213e-09,1.391054947154533099e-08,6.354205140073028864e-09,1.492159667427642833e-08,1.266992458549027077e-07,1.075422481706776723e-08,1.264340519793072853e-07,1.286900629746630077e-06,3.061978735211089521e-07,5.068292617893835793e-09,5.146062432899757511e-08,3.700184295169959754e-07,6.254287476722179531e-11,1.879492260473413963e-07,2.822282143606405692e-07,5.014342201183938641e-08,3.402287990003869427e-07,9.708384952496638976e-09,6.056440197636041025e-08,1.386418291629968463e-07,1.879033087798443259e-07,2.142056982406636023e-07,3.301369601450227879e-08,6.575095102711451581e-08,7.353628894400052797e-08,5.248963346663312507e-09,3.225282115619266723e-07,4.234553684182046114e-07,3.537759869137975464e-07,5.741115622523255551e-07,2.042316309355015944e-08,1.083974811357486781e-06,8.340960503342632580e-09,1.411325020367735026e-07,2.249652677103657352e-07,7.111720500207106503e-08,4.358858252442019976e-08,1.572029829243621939e-08
2.009367580339648733e-07,4.504202945589835517e-07,9.955598701488379897e-08,0.000000000000000000e+00,2.817853973624363082e-07,2.727985418930930264e-08,1.402820567001477162e-08,8.555913482619292092e-08,8.507464752042795076e-09,3.988699043809906089e-08,1.322250001350692116e-08,1.653815511296813041e-07,3.384514404051822310e-10,2.864316495858319720e-07,5.881934879602962321e-08,6.368452102101351928e-07,6.579829575039979437e-07,9.917836230667573841e-07,4.158018644063362928e-13,3.788958051059203724e-07,1.405772815103390868e-07,2.154483719325470449e-07,5.634076943962598401e-07,1.494664229041609176e-07,2.094257154552892193e-07,2.072206831103550351e-06,4.158936055054830064e-07,3.984324036037393793e-08,4.909316196481400020e-08,1.325307185544672843e-07,8.237153352524403677e-08,3.288373814951330042e-08,3.493195506823468487e-08,2.257996160244055143e-07,4.741278682288266851e-08,3.996913916874339051e-07,1.821198799248461882e-07,1.591416021513273019e-07,8.332028868648031789e-07,2.655442742189292442e-07,3.893661080218737808e-08,6.136727821000701619e-07,1.232814953882484830e-07,9.231306723183662907e-08,6.873023576112570321e-07,6.138735526776733130e-07,1.158020237137410345e-06,6.163019225217141781e-10,1.150781793539849889e-07,2.703589000181615038e-06,3.174294732060550035e-07,2.663029907708819217e-07,6.255019141387077239e-07,1.058956908439446101e-06,2.568124563207503238e-08,1.554830058139031941e-07
9.237877796033606587e-08,7.109872673915441313e-08,1.304204004974599826e-08,3.226432288495977556e-07,0.000000000000000000e+00,1.962473160146069294e-07,4.236104253447602097e-08,2.179883337835408893e-07,6.214903350279689149e-09,1.553952143230795600e-08,4.426592624702239260e-08,7.845301640065901122e-08,1.548442601439834748e-08,1.209843632929832568e-07,6.613946006868204561e-08,9.138828140713965844e-08,2.523595248155603115e-07,2.710997261386632682e-08,3.793078454358445396e-08,1.696813590701794337e-07,3.401346103512674628e-09,7.627398179135713001e-09,6.535790019766727783e-08,4.723988853831475188e-08,7.116531432589037259e-09,4.204379659004300114e-07,2.953077049162200324e-08,3.086136173218946754e-08,6.146155182168787573e-09,3.036278008918930826e-08,4.650054247445785584e-08,3.913326381813758116e-08,1.961624402584594657e-08,1.157207293356557749e-07,9.215162901043004055e-08,9.881955293492496725e-10,3.754359276417999620e-07,4.679652034716553053e-09,7.276374412513807020e-10,7.930501420895392802e-08,1.509596397020840211e-07,1.648706460374643143e-08,7.518342814101813108e-09,6.319820428950869471e-08,3.368067749656461013e-07,2.325718964696156524e-07,1.019914993654433787e-07,2.193000476841030332e-08,1.045207540334320937e-07,8.136696399986622411e-07,1.157118001716952988e-07,1.931490047108998229e-08,6.303480402335140005e-08,1.404560987295496449e-07,4.790480475435947107e-08,1.724693752089315335e-08
8.253223618112870149e-08,4.366656578072526542e-07,1.401488408130988967e-07,8.589026412734317311e-08,4.577995068355005055e-08,0.000000000000000000e+00,2.424364088717833481e-08,5.758094281602399679e-08,5.052633456017888612e-08,6.554784304679299179e-07,2.122326182349101182e-07,2.994969163983592673e-09,8.950866500613164843e-09,2.953222254089937106e-06,9.150973813967151443e-07,3.698451683507853954e-07,1.483021829353380152e-06,7.184467294653481196e-07,1.982208652356683212e-08,1.582796912893075733e-08,2.824376684309041802e-07,9.670265865876188381e-07,2.518933913564907896e-07,7.670501720853195292e-07,2.062456275655270029e-07,1.237909128867579967e-06,5.976987695356259891e-08,2.347784002465404353e-06,1.768007765311226328e-06,8.000650827638664258e-07,9.090132078192661731e-08,7.658742821276847476e-07,5.317755564508013776e-08,2.775508348702413340e-07,2.836674898114746583e-07,2.671566201515917256e-07,1.344612031776877367e-06,3.416646873411276025e-07,3.670592294637785453e-08,2.291976916972998972e-06,6.991684908165831534e-08,3.022022682865073868e-08,8.452548861485011984e-08,5.566767415978719748e-07,7.264969224820146918e-07,5.931163283937699319e-06,4.505015381230547078e-07,1.166666505044612112e-08,1.726406000231313204e-08,2.681484609111935448e-06,6.068718734779253162e-07,3.457423824418863246e-08,5.344917017383559876e-06,5.360980236111579533e-07,4.022144770658355175e-07,3.621994591957302529e-07
5.345256717243253513e-08,5.887720541387857498e-07,1.658095808214377148e-07,2.907190406103089540e-07,8.135947262829494130e-10,5.771131379224963251e-08,0.000000000000000000e+00,8.420916833222085098e-08,1.344731590129780372e-07,1.943965225331752682e-07,1.807273781028969229e-07,3.250364625960338657e-12,1.699457431346848819e-08,1.885291691885195814e-06,9.511316336449476301e-08,1.428595859802004763e-07,1.187038906664910404e-06,5.461710500161966168e-07,6.375862452026325631e-10,2.778814654859631583e-09,5.762589642251572496e-09,3.386879774001271189e-08,6.980619699068874064e-07,5.816493483702021431e-07,4.927142473785843503e-08,8.210360062507388148e-07,7.444235584121883682e-09,6.445948579373667016e-07,4.497516940508507408e-07,2.239011914507413755e-07,9.274804293042763356e-09,6.118837618936086238e-07,1.355308286670185498e-07,3.169985266922725563e-07,5.411820814688917351e-08,1.855848496006484655e-07,3.896650508720301186e-07,5.102311010079305780e-08,1.813225605917773258e-07,6.916780346052331243e-07,1.224971853324402496e-08,1.495823613753121015e-07,1.277804493946025011e-09,2.519052275536304564e-07,2.508597667796187688e-07,1.479054556034557947e-06,5.349621004868103902e-07,2.721196223479108118e-08,1.029762886963147047e-07,2.181868981575266077e-06,3.250224057069593838e-08,2.604031769972330736e-07,1.065091771401843530e-06,4.729913200948257879e-07,7.294999973593120677e-08,6.358130604109653344e-08
1.736749045846986718e-08,2.116446922210972065e-07,4.273498470848812901e-08,8.371932445377211412e-08,7.985088195009839419e-09,2.419204774088794481e-07,8.462364164951347852e-08,0.000000000000000000e+00,3.957626335329144287e-09,1.052639799045914208e-06,2.027628423447448015e-07,1.394558063839258055e-08,2.891735258250215388e-09,8.581705627030824919e-07,2.135260229607989245e-07,8.105649788286224004e-08,3.276689922267943073e-07,1.683698781202689631e-07,1.780383803518345547e-08,1.339360212852993702e-07,2.667804512009243070e-08,4.686922015371278120e-08,3.034607690233897850e-07,4.914357337425379121e-08,2.015275623833549382e-08,1.070023494039350627e-06,8.973493428829295886e-08,1.248066291631619893e-07,3.521519925185350529e-09,2.446717134388403253e-08,8.572275710047998615e-09,1.572672237187795756e-07,4.206619783942049892e-07,1.050932961971434395e-07,1.937988539947895565e-07,1.820771219025852444e-07,1.014732614346921919e-07,2.076785432845307346e-08,8.603644415063087286e-08,1.792069048645686142e-07,9.182413356957683486e-09,9.092133890222557362e-09,7.378502109433561314e-08,7.974104449304418043e-08,3.478482246917777349e-07,1.373486273077682588e-06,5.763036139790475542e-07,4.168832572504770598e-08,2.599599739367085978e-08,1.467886338741829498e-06,5.678613486733178026e-08,1.466588871940835215e-07,2.665758288979013015e-07,3.295125998295795639e-07,1.722026092827409027e-07,5.432760598105465425e-08
4.743233818660108634e-08,1.400235211576692207e-07,3.832908277511311576e-07,5.739796286951382701e-08,2.088255776873877979e-07,1.764182396018745655e-07,1.580157431109037007e-09,1.065100389097668843e-09,0.000000000000000000e+00,1.868428399784821737e-06,3.523309843907588631e-06,2.671489028366785459e-07,4.817348595845544935e-08,3.462819355865539370e-07,2.448665173743254585e-08,5.762003727593453941e-08,4.799360476117715070e-07,5.964343455267022256e-07,8.114906224050396697e-07,2.493197135371889598e-07,4.381732798915889613e-06,3.800568134263422911e-07,4.065207837396046354e-06,1.603353811598942424e-08,6.424808433104413411e-07,1.231703965477586697e-06,9.828134363197320619e-08,2.835393715515663663e-06,1.274712008331101422e-08,2.970453475885671288e-06,3.695594615622763907e-07,1.773136757386209168e-05,5.988787113203731220e-07,3.537181723873688991e-08,1.026320343405106790e-07,1.053701433379098677e-06,8.259989449914480072e-08,1.988048355334054686e-07,8.440368239872240692e-08,1.968331788221528733e-07,9.008257489720771472e-08,4.856094436953257563e-07,1.360211012850753586e-06,5.713672349804508923e-07,2.419411813410699961e-07,6.446662277027550486e-06,6.911567637362972729e-07,5.851541337879960644e-06,1.055579408665030008e-08,1.231759157049960729e-06,8.642426229805492126e-07,2.236411454813697046e-07,1.895994280507171076e-06,3.668391325966683740e-07,1.183605802250410958e-06,7.575120062353217231e-07
1.664595426273660722e-07,1.332830824975266882e-07,3.408754349352800420e-07,5.802019397468293864e-07,3.914181830914328459e-08,8.095859087883316230e-07,3.150208530949383595e-07,1.499022791313520932e-06,1.054431073656961693e-06,0.000000000000000000e+00,1.040502846789973268e-07,1.706226493714408641e-07,6.915953569307266706e-10,7.962228143219291638e-06,1.348110261493627429e-08,4.792734837277970306e-07,1.141078596548815768e-06,2.576381897741928962e-07,5.341864050408426679e-10,6.510554483252493883e-07,2.249756157707697013e-06,3.492750256425017747e-08,1.969148002747656321e-07,3.529108363601455615e-07,5.110582655111946319e-07,6.209913614001290963e-06,4.835559377011405636e-08,2.568772838872117951e-07,5.594565181495189342e-08,1.795915236601661724e-06,5.000158312302010206e-07,1.664577605128021500e-06,6.980389525988554759e-08,2.491238450136628216e-07,1.457754207027149366e-06,2.627011612789494093e-07,4.066365157786621463e-07,7.031936387266175793e-07,2.455251436477484371e-06,3.426090667981066839e-06,2.881619507342822612e-07,1.394052060389333057e-06,1.328784105079879792e-06,6.168414419074326128e-08,2.605835254269909466e-07,3.971953430933437010e-05,1.221742910822481169e-06,1.824961057306726221e-07,5.306677504965221017e-07,2.017106574701492836e-06,8.334752703885528765e-07,6.614721871507267060e-07,2.737220020646004939e-06,1.478992566641708430e-06,6.825233407677470559e-07,7.156875263190915491e-07
1.080577712207076200e-07,7.812911048000613287e-08,1.491479137552784824e-07,3.937588336648894195e-07,8.023846884128557446e-08,1.607317644391975123e-08,2.460594691007526340e-09,3.030378434439420144e-08,2.086516637478101767e-06,6.945386182864799765e-08,0.000000000000000000e+00,3.337452250547755799e-08,1.644220377471967638e-07,9.782289989474397665e-07,1.851565932291660088e-07,3.642180529379040077e-07,4.954721868273425722e-07,7.072105981887514355e-07,4.412360246300786155e-07,5.948642486231842930e-07,5.633418290187313918e-06,2.736852991943518334e-08,6.251441646432989335e-07,4.097614511862303649e-07,1.855424667743303403e-07,4.889071389667917448e-06,2.292782493389716270e-07,4.975832296068680944e-06,3.049890889348983686e-08,3.588718286339860634e-06,7.774256804664366322e-07,6.259572993137347172e-06,5.053116844627321773e-07,7.566745119264065690e-08,1.897580659255981070e-07,2.084440405773858018e-06,1.082347304300444897e-08,3.903120909997493516e-07,3.946118276957548692e-08,7.484631633929488602e-07,4.129396751363035653e-07,1.612809022255860436e-06,7.182068123693658690e-07,4.112713293440208495e-07,1.121428432322329263e-06,2.014604078206266151e-07,1.719381312256936621e-06,7.491377722213138311e-06,7.545573179210001291e-09,1.936658003057641691e-06,1.430808676411382145e-06,1.279659978688670329e-07,1.325931314333037437e-06,2.033119372557880498e-06,4.666167965278424544e-07,5.085905644288287048e-07
1.139486714028240654e-08,1.444349061640793634e-08,3.486514824233295617e-07,1.591330241765853598e-07,1.235329106925851577e-08,9.485332159872555193e-08,1.483609202473289306e-08,1.054375898979283369e-07,4.714293575626630529e-07,3.218983126483481165e-08,2.800978037356065551e-07,0.000000000000000000e+00,6.844814726833264840e-08,4.422884315559931658e-07,2.504760570012798344e-08,2.464127537620575713e-07,3.311838243593244850e-07,2.564553939935358439e-07,1.293925265512441456e-07,2.831880377044287133e-07,1.122994913606680712e-07,3.575820146772670602e-08,2.626103749652069876e-07,2.024616907973275886e-08,1.754066951318394431e-07,1.001890928055147362e-06,7.114808861049478588e-08,8.476007153715553095e-08,6.471767767577382445e-09,1.245395742045226035e-06,1.028095004037626246e-08,3.201507738698902005e-07,1.046892573424251998e-08,1.500317544393832709e-08,1.913110986883999251e-07,1.780820414261597550e-07,7.847659744458043846e-08,6.315709168937553617e-07,1.007866474566766268e-07,2.087409471289014698e-07,5.007259460151595828e-07,2.546976025611285242e-07,3.967404602752615529e-09,3.582171527771830432e-07,1.754576771250239968e-07,1.058505316817527106e-06,8.418129181581638045e-07,1.158371819782605871e-06,2.104312175907174486e-07,6.664343313517085211e-07,1.561189509950772339e-07,2.255637319011667676e-07,5.262399487633302127e-07,2.010287341969043305e-07,1.294573118086348847e-08,8.861191089278633592e-08
4.129871340652853032e-07,2.739362567635093122e-09,5.445587438665647927e-08,2.547497492770978464e-08,4.404443070178882490e-08,4.547479052031248828e-08,7.249251746152988064e-11,1.428431136258152751e-07,1.097847823795721430e-07,1.606144125086139600e-08,1.830838532957981952e-08,1.547063535650664713e-07,0.000000000000000000e+00,2.481708766752787326e-07,3.683544364489237009e-08,4.537683034868554843e-08,6.395583140151001252e-07,3.672888737188442020e-08,1.124205484471224872e-07,3.094755843676537749e-08,2.675508251247639944e-07,8.862726789165677955e-08,6.225821039338374783e-07,1.020648849536381157e-07,2.397818382212148342e-08,5.771583179737945487e-07,1.212416780974723706e-08,7.044419790557242684e-09,5.219209367335805617e-09,2.939707620815483511e-07,7.426349441309328320e-08,1.046492525405231941e-06,6.794037019538302899e-08,5.044181072653303594e-08,1.373569273842053340e-07,1.189945525204984280e-07,1.632928567389740017e-07,3.138899226357537541e-09,8.623622045582714368e-09,1.356488637893148569e-07,5.833674921929578044e-09,8.276297122867771864e-08,9.798367703360761249e-08,1.581351899002524544e-07,1.618853061331027193e-08,2.687482601847031597e-08,7.528714632159826590e-07,3.871650791466881947e-08,1.123777816048307600e-07,5.404822902510269772e-07,5.816046942131017443e-09,9.224217380462225767e-09,2.804770187069383134e-08,8.908167950022781410e-09,1.030648490300872835e-07,4.431751179725908087e-07
1.616003747695434330e-07,7.106342416102286178e-07,3.710497486615466182e-07,3.650694241921907179e-07,8.957425474215224262e-08,1.781631399778767484e-06,1.512555447397202324e-06,5.691401544284567427e-07,5.759625798844718982e-08,5.401284491140474513e-06,1.495307643732695133e-06,1.180840421561257553e-07,2.473336098472913808e-09,0.000000000000000000e+00,2.319007159996614865e-07,3.389031815419496217e-07,3.808740948984969241e-06,9.371060467565635902e-07,3.110701041407423052e-07,7.897829750484858739e-07,2.242891634612275741e-06,1.054356625943810391e-06,6.120700817361336004e-07,1.860708139786798333e-06,5.561254059334765756e-07,9.722362028900577479e-06,1.999556379881026060e-07,8.259308981439928083e-07,5.486429422563438589e-06,8.687517881682968386e-07,8.421278400398828860e-10,2.026996581532349690e-07,1.599554031199439265e-07,8.231882831902236616e-07,1.287893098192153383e-06,1.176743573685900498e-07,1.820118271949021693e-06,5.831539888175408926e-07,1.954114700171058749e-06,3.974968259759034915e-06,1.174037170707679564e-06,3.696737506089404546e-07,2.323014726473715734e-08,1.587497781904582634e-06,6.128450421085312841e-07,2.146013275142428860e-05,4.069502722462056564e-06,3.420751067289608805e-07,4.347736827173112965e-06,4.068403843025797605e-06,2.116819885731086450e-07,3.032461414519416463e-06,5.756261356824545339e-06,1.457057650189808964e-06,4.017398217988547276e-08,5.635604190230453145e-07
3.506641281791515417e-08,9.399287923535129181e-08,3.190969664134283783e-09,2.596101757170291984e-07,6.618278336827799893e-08,9.620709778377489718e-07,2.072857415666805572e-10,5.016544786097098666e-08,7.686136625732667050e-08,7.627156836718907803e-08,5.670976824113151739e-07,2.535722779498488650e-08,2.874228929607059244e-08,6.829111243251783501e-07,0.000000000000000000e+00,8.428325289395787305e-08,3.273964263822125389e-07,5.740505667536703788e-08,3.979373085985096331e-08,1.005437026087330732e-08,3.394281438316387075e-10,2.162445498544935012e-07,4.415424620590149882e-08,1.199431033173328910e-06,8.234218470694512561e-09,9.038985919636983007e-07,7.076828957296677323e-08,1.530827693393551253e-07,5.592187160698538560e-07,2.370592566432684591e-07,8.612329683657192960e-08,1.896731320134536190e-07,1.366373500079888676e-09,8.821884580799385145e-09,5.727873064819185655e-08,3.881437655499858836e-07,7.186674235683221408e-07,2.778235971989031427e-07,3.557055972645377113e-09,7.528607856264505016e-07,1.287418467474234604e-07,4.776647326593694791e-07,1.486961501304649760e-07,2.106063231613269610e-07,1.793111850042151464e-07,1.994337496749748433e-06,1.275636927700514805e-07,8.455931190726261419e-08,1.132907877930278174e-08,8.556709989790791953e-07,1.230301092953967935e-07,8.514749581367945159e-10,2.798641362698103898e-06,9.707327196056984450e-10,1.373906474957140738e-07,1.277512710650061993e-07
1.000463854383317565e-07,3.948085362286254515e-08,1.299108504537054587e-07,3.023542509820233860e-08,2.361230384601924461e-08,5.906076101072648429e-07,9.874591544218648166e-08,4.739851742857845966e-09,1.831531851395993297e-08,6.975766255901295912e-08,1.184157818705742488e-08,2.159443972596621318e-10,4.190139676208094211e-08,2.963502446765856340e-07,3.035021052504847922e-07,0.000000000000000000e+00,3.312180465314058425e-07,6.958566817326124970e-08,6.524455874947681194e-08,4.718057759253249312e-08,6.616623843558588724e-08,4.915875311331141662e-08,1.933600265814808662e-08,2.667021268995916679e-07,3.201517465628097701e-08,8.718417506777540470e-07,4.835279381643261127e-08,7.623756368282129605e-07,1.480653005561017194e-07,2.815350333169401412e-07,1.257700021074773120e-07,5.060887000255119210e-09,1.590633195223564360e-08,9.658648719804373628e-08,1.874635217183537796e-08,2.492613409462461151e-07,1.049853231640336217e-08,9.290380891853756380e-09,2.223687852806433618e-07,1.416500182928761075e-07,3.925417425218135347e-08,3.236973307927933473e-08,2.168873996943573430e-07,8.415252779553756995e-08,7.411260361963068604e-08,1.372569064571067926e-06,2.762763478855714308e-07,3.341538315728532772e-08,3.136018780567664926e-07,1.087821578793436636e-06,1.259623506289253505e-07,1.863407772813813267e-07,1.106278225451899274e-06,8.166425435686111502e-10,4.194508254431191078e-08,9.071156582280727116e-08
3.381046006508416943e-07,1.160430909728774374e-07,3.299303286506371508e-07,1.805032132151674764e-06,2.448633611749890126e-07,1.034070860611287099e-06,1.992003511121305786e-07,2.843906482145594829e-08,2.040353520432588395e-07,5.234342814110478185e-07,2.605803202832647690e-08,5.094056443956090487e-08,9.515128914845540385e-09,4.429369785577176169e-06,8.941189517126329276e-07,3.329004898948902527e-07,0.000000000000000000e+00,4.584034664292978224e-05,7.143905359074553953e-11,7.098267483739122718e-08,3.620646196156029270e-07,3.853906870508978815e-07,2.949054416871387671e-07,4.139025833453754806e-07,1.511802880353694690e-07,2.110507090601389799e-05,2.812742787801119815e-07,1.468311929752960659e-05,6.588078045084716375e-06,3.105181719284270826e-06,2.955513191647162932e-07,5.271529368553912450e-08,1.414781358160216993e-07,1.109082741472010241e-06,6.188434509471365409e-07,9.885701927667048149e-07,8.088062896798973980e-07,1.640938451134203339e-06,1.623390001622209992e-08,2.129883098925707511e-06,3.927128744580803647e-07,1.403389660946028659e-07,3.005630066545689412e-09,1.032117927561650982e-06,1.444166397720260120e-06,8.464418931183286039e-06,1.567566536284490608e-06,1.118652898548474935e-07,3.224972994275095774e-07,3.619305353356230353e-06,3.842972754463772394e-07,5.880751675455453873e-07,2.249315962189534942e-06,2.101896040270943846e-08,2.765936983976302846e-07,4.087529021089309741e-07
3.473878016970290301e-07,1.241671048463822236e-07,7.965350052187104684e-08,9.436232749999854915e-08,1.888756414985669525e-08,3.428096054308555711e-07,4.359792679584760712e-07,1.433530380927667990e-08,1.279260758429594178e-07,3.182783903911904255e-08,2.603863833429939940e-08,5.368378866166274283e-08,2.827688722197281829e-08,1.740322184499330889e-06,2.945892870432745962e-07,2.813788431380765157e-07,4.454648913739144207e-05,0.000000000000000000e+00,2.123441146648080410e-11,1.252799046547460292e-08,1.387452863152631958e-07,4.254068974602960363e-07,2.970778532353421267e-07,2.583498391496563542e-08,4.953560835651928608e-08,6.919604870684446541e-06,1.870752118784943222e-08,3.251201414521224414e-06,1.165086887165509863e-06,6.174671497522738534e-07,4.620016951734079884e-08,7.811517525358838771e-09,1.137065679728872975e-08,3.401131466269198651e-07,3.195851370389422934e-07,2.106546381674416448e-07,9.651694129510467840e-07,5.358588574666883450e-08,1.441511384278969103e-08,1.683654316368463942e-07,1.317338560635759776e-07,2.309875506041416693e-08,2.112750814937297282e-07,6.405843372094697048e-08,3.828757865917620039e-07,1.716237932612488820e-06,8.123522531671421115e-07,7.277899324799025030e-08,1.816401222601977711e-08,1.240109176912996730e-06,2.325522971658423101e-08,4.204531028845801964e-08,5.191744749649670249e-07,1.732617972767468246e-08,7.135489671996047321e-09,4.078973028461702309e-08
2.490199192849406524e-08,3.153832432202397834e-08,8.906548385227732750e-08,5.394767244178803547e-07,1.470651707261068973e-09,3.239601604963327646e-09,5.701594683083292777e-08,2.038058006803575505e-09,2.582566944875085516e-07,1.312549957372520524e-07,5.126119900237143298e-07,3.380151832333764251e-07,1.053492044444972892e-08,3.568521138668923869e-07,2.644658684412371803e-09,9.196026202961238074e-07,4.068278463527585894e-07,3.189014482571661794e-07,0.000000000000000000e+00,1.288637999982633252e-08,2.198907660862783177e-07,1.963942268711777579e-08,8.529528164916569611e-07,1.537861230483436198e-09,1.823358024894771481e-07,1.220113393776614398e-06,8.704286396018814481e-08,2.317156532167562212e-08,1.907133441128082439e-08,1.150830689113798559e-06,4.115296350853104909e-08,3.681305526624639309e-07,5.447126543061470927e-08,2.612012719651132455e-07,2.772329878457006017e-07,1.747012001729381689e-07,2.362933522557837371e-08,3.240363034010113554e-07,6.864888887037199806e-10,5.966007903087082936e-07,8.733917453445844160e-09,6.095514909872909002e-09,3.836218276149234205e-07,1.868782480218136996e-08,2.245561164716212347e-07,1.751323311985590208e-07,5.568035518391043747e-07,4.624862456993943551e-07,3.446792019622606443e-09,1.176905181672125684e-06,1.400968725095464066e-07,1.081739998000847658e-07,5.830709800330545879e-08,3.012437154497519883e-07,1.955269745604363447e-07,1.296147547414236558e-07
1.320658552141340216e-08,1.899152065772631938e-07,2.360195324670651190e-08,5.432834541779554424e-07,6.416508390763809755e-09,2.167428414495870786e-08,1.410578036652643520e-09,5.158443956324258841e-10,3.115248361803884569e-08,8.065127716474855177e-07,1.011367787777623999e-06,8.463493281596840566e-08,3.016041638181857722e-08,2.542853471914024492e-06,4.531195149528452634e-08,1.459732116307034629e-07,2.151707078944745851e-07,1.718820698940854313e-07,3.760578002295304776e-07,0.000000000000000000e+00,8.053899783188003451e-07,4.127569137004727655e-08,2.219611699093844478e-08,9.671758558401681236e-08,6.391025748595593125e-08,2.647753519154872281e-06,5.940937944151095853e-08,1.654128673628594327e-07,1.009390899864179799e-06,2.139524919013022324e-07,2.673996614599512915e-07,1.604963907183255715e-07,3.096159433007320495e-07,1.720354740885803933e-07,5.004777926840311344e-08,1.415488776366307642e-06,4.492353545378477228e-08,4.127174012648877443e-07,2.330478192956969407e-06,7.751382562258810996e-07,3.617115037554315621e-08,4.920133658247723924e-07,1.192102130420396995e-07,1.548507922833670453e-08,4.058263771904415557e-07,1.711972402600989280e-06,7.337674213253480555e-07,1.208439721236296497e-06,6.971740673130175561e-07,1.483721976937133505e-06,5.256812275498547037e-07,8.603603023246164233e-07,4.753965198211005115e-08,1.044534618526448678e-06,2.023803143661578283e-07,8.155946632528280259e-09
8.372858039330145180e-08,5.404769525887499444e-08,2.156565435793791319e-07,3.694680405303711850e-07,2.861741180139785632e-09,3.776296441099886109e-07,4.330905011614658407e-09,1.522416778138046526e-07,1.648179571572164891e-06,2.271539018456527103e-06,7.154667739854514206e-06,8.146344496762595659e-08,8.391661125147520940e-09,2.804129245395108753e-06,3.679137079536551955e-08,2.482643284710965948e-07,1.157724616327556835e-06,2.953354634923359973e-07,3.567506839227608734e-07,1.251723166406996775e-06,0.000000000000000000e+00,1.180076100703053841e-07,5.583643483545591786e-07,1.539092490333951295e-06,2.993297086303168881e-07,4.606607706081771579e-06,2.226028732770964003e-08,2.248596060489865894e-06,6.873654778895716807e-07,2.691752063273588748e-06,2.394414073277771342e-07,3.211761194628595378e-06,7.039387075338117674e-07,2.621205000229180459e-07,1.684598435742499312e-07,2.321181870389431859e-06,2.263994128403957826e-07,4.003661013335963781e-07,6.847018011901931536e-07,2.845697329500090022e-06,2.895648635816556374e-07,1.885429525174779994e-06,6.485133483074537396e-07,3.637377106088569750e-07,8.746454894351918781e-07,6.030264895569732065e-06,2.094413463608061700e-06,4.215410992466191235e-06,1.523640699052508047e-07,2.089858998402194344e-06,1.218166666160838253e-06,6.062943377096499414e-07,6.135118271686088458e-07,2.439277721822485145e-06,7.168015828865856613e-07,1.072442666854152546e-06
9.553773043678928623e-08,1.144098663804056271e-07,2.936062990374551763e-07,6.758900855374455978e-08,2.040908282215978040e-07,1.873986702364627370e-07,5.424966581123022956e-08,2.458777072249113638e-09,5.040280987624516551e-07,1.636452798893739540e-08,3.293755464121186577e-08,5.671104826132523456e-09,3.929575169144143627e-11,5.870790811430602533e-07,7.248349890593068166e-07,1.682226800756641173e-07,7.327071153719066152e-07,2.153630293047324313e-07,5.441834607200944135e-10,1.448825925164720067e-08,2.253051776120215070e-09,0.000000000000000000e+00,2.058342880389949629e-07,1.026398656092055092e-08,1.096918831609573692e-07,1.233954703769033358e-06,5.687273368760310895e-08,4.418007364169196439e-07,1.021338462159324049e-09,7.842918518446680196e-09,1.064191932312277795e-10,8.373448950847028987e-07,6.471499837900315863e-08,2.951902376943730969e-08,2.788343676483977142e-07,5.028611190866552957e-08,1.098653232921051933e-08,1.289444958070807246e-08,1.728626299618241046e-07,1.309957440765773784e-07,5.024822356957419388e-09,1.723886399313780364e-07,3.984988732864460945e-09,1.425191733422566320e-07,8.722610283987035965e-08,5.077052976566157827e-07,5.858633777530666070e-07,7.426200320068069558e-10,1.103230997827421405e-08,1.592695304871563154e-06,4.219272080762023169e-07,3.529789709370403863e-08,2.851938079079359601e-07,4.206450466489572311e-07,1.027264921421443940e-09,1.032183245183967523e-07
1.796615718881916710e-07,5.033493147813524943e-07,3.659480132999535405e-07,2.610545992420936947e-07,4.673121369930571124e-08,2.288678357300705537e-07,1.680633270604854672e-07,1.700477682169710701e-08,3.825717933074817786e-06,1.013546346005198691e-07,1.709607078549551120e-06,6.996523108679742058e-07,8.100146475911768592e-07,4.048571098707078178e-07,4.089057295571831351e-08,2.960261341395152629e-07,5.413263397867353700e-07,2.835152183163277410e-07,5.511528872201295684e-07,4.679729544726538570e-07,6.212498074130768148e-07,1.632595514087856177e-08,0.000000000000000000e+00,2.061296269010345535e-07,1.713707604606739495e-06,9.049059117459144301e-07,3.877637206853269666e-08,1.356699575202403829e-07,7.295716426520247752e-08,9.950939321416571762e-07,1.728947183224721102e-07,4.852970843169822654e-06,3.133420836514578681e-08,7.219126660319440674e-07,5.793431626869949463e-07,1.767492801303037236e-08,9.787302787106460637e-08,5.040135134816125142e-08,7.440368331426097330e-08,5.259453373886465033e-07,1.173544814190722946e-07,1.935946242385003574e-08,1.693915892715357114e-07,1.381238494750828979e-08,7.163662651307768634e-07,1.262056713425288309e-07,7.563318491999528018e-07,6.345283880988721248e-07,3.557084188509799939e-08,1.956139103481029872e-06,3.292391473482859370e-08,1.943022336199797041e-08,2.166786950933458196e-07,4.759390699616776621e-07,6.916983428484609926e-08,4.363591939084226216e-08
2.353564666004519912e-08,1.717805308660980811e-07,3.534559644525500636e-08,2.205324183961995948e-08,4.681203063135986200e-08,5.964792264592730725e-07,1.116649363891620420e-07,8.268948240772279814e-08,3.309913850617463636e-09,8.513130766218784664e-07,2.450683424362145341e-07,2.005881124856647420e-08,1.343473123639896157e-10,8.288865370668234788e-07,4.474070553596465713e-09,1.980876269915676450e-07,1.414829299794936261e-06,2.598859914093905009e-07,1.362676426125659835e-09,8.456395635942433726e-09,6.712765128817383880e-07,1.387300208886410604e-08,1.630113985417652815e-07,0.000000000000000000e+00,2.412394442810121300e-07,2.389575087998023670e-06,1.094792940079622304e-08,1.571035111014263735e-07,1.295741008408479347e-06,4.550969969497097062e-09,2.138734630568127935e-08,1.172283864713834899e-07,4.279057943405329610e-08,1.706583647141850563e-07,1.012314727011446709e-07,1.143244559225716710e-07,3.130812124367805836e-07,3.321358537652100011e-08,4.150737725095275823e-07,9.270756623757837326e-07,6.265064215797564790e-10,3.931650372904448603e-07,1.243577928303284194e-07,9.079475797285206036e-08,1.764981267321900005e-07,6.517951013043073496e-06,3.503403943550934158e-07,1.269480137063693625e-07,4.474792330207815342e-07,1.677212133914451770e-06,1.019640804975883383e-07,8.733059661440373247e-08,1.171643684124489912e-06,2.030214454972115973e-07,2.090266415739985249e-07,1.930787222756952834e-08
1.317857887121106059e-08,6.813052608929646475e-07,1.301872223774455684e-07,1.057261778692475974e-08,1.121542271183765229e-07,5.616557983597042063e-07,2.175411577157965106e-07,6.127020319286637188e-08,6.197076636761524423e-07,9.517141331315015349e-09,4.485013176083557574e-09,2.024529902080901969e-07,9.366930315811306327e-08,4.917100735981979613e-07,7.300862293351062456e-08,3.154627127097430791e-07,3.044149611966067305e-07,3.643908555124567732e-08,3.754771821141683390e-13,2.265674415828561871e-07,3.626190325790880998e-08,2.940430248873189615e-08,3.284969140158912768e-07,2.421276369257299569e-08,0.000000000000000000e+00,6.763266013339224375e-07,4.568086504388853293e-08,2.092469821020337296e-07,4.208788525192488078e-09,4.614228682231498104e-07,2.182947380094850843e-09,1.713382756047418862e-07,1.488161030091060843e-07,2.401013878371180045e-08,2.158141999986367206e-09,1.199306422401077889e-09,1.265730651165950667e-07,2.221601502066246880e-08,6.820918644750457102e-09,2.219785757813527938e-07,2.165691991610656897e-07,8.499702050566929900e-09,7.289841164070029132e-08,2.705174528651696016e-07,1.221278902618186696e-07,1.249365320603630870e-06,3.228919693676165844e-07,9.260996499052830110e-09,9.091469960718444687e-10,1.150976716878830669e-06,1.611456938057221815e-08,8.405810509236278975e-09,4.885214601516450350e-07,3.862325431262848153e-08,2.490733886451977156e-08,1.209860434239557489e-08
2.222443129438775146e-07,2.378069537151254541e-07,3.483221742114803932e-07,4.468585988653090220e-07,4.028198054089120215e-07,1.739265735563357719e-07,5.670330966253588367e-07,3.840893885228373604e-09,4.911446393805605567e-07,2.349517323253516076e-06,2.957088465459505218e-06,4.749023562121358753e-07,8.393659006294701604e-08,1.034199237626397159e-05,5.766073440516834383e-10,2.307859848381198653e-07,2.992061281521812781e-05,8.851479922867343622e-06,1.134272099596384644e-07,4.653940130739331984e-06,3.885953907866072048e-06,1.596384338293844324e-07,7.036367160732562979e-07,5.881594013986826768e-07,4.994662918309062380e-07,0.000000000000000000e+00,1.994906158847845993e-07,2.668794812178029169e-07,4.986908747098267812e-06,9.318489878801960351e-06,4.090426446302496588e-07,1.974409836346573903e-06,2.010013488568996960e-07,2.823860211496241829e-07,3.719401632914001818e-07,3.234278013036598460e-06,1.502881661198920723e-06,1.233918244656907952e-05,8.246936126095512015e-07,2.720375279323542907e-06,1.948823009857723151e-06,4.465535202665085468e-06,6.044587035227088039e-07,1.470038306714446611e-07,1.782421992122134338e-06,1.299971128759423532e-05,2.973052224511142327e-06,2.872337273669537204e-06,1.989799161374122823e-06,2.728479495263138467e-06,1.721559686419795502e-06,3.968191127132387939e-06,1.067682395501128139e-06,6.304459330985178951e-06,3.713825510755010992e-07,1.075256571713188411e-06
7.855360073983059138e-07,9.260074752671187592e-09,3.715247484597016539e-08,4.828186986892411318e-08,2.773277978621583600e-08,5.816637630207666277e-07,2.652008478125662446e-07,6.426640860687203821e-11,2.497292534143516667e-08,2.493252232493809397e-09,9.682138153117295130e-09,1.509386684406067894e-09,9.505745658076782452e-08,2.673614227414033362e-07,6.616553553243524159e-08,5.525974662662856036e-08,7.782401420183066036e-08,7.025058891444382206e-09,1.971073761754008853e-12,7.685037821271640445e-09,8.011536830965849137e-09,7.449741250028007454e-09,1.860916143637622026e-08,5.675566339985444669e-08,1.791807505958288506e-07,3.819434545688063675e-07,0.000000000000000000e+00,2.237676829964991174e-07,5.244197742204853572e-08,1.024666425328152513e-08,2.470415092354132285e-08,1.429777289365670471e-07,1.853814032726067712e-08,1.621699068043577652e-07,7.601152604002031533e-08,2.029623410672446097e-08,1.023056329064870152e-07,5.206996976351997116e-09,1.252272915381097714e-07,8.767758923494780592e-08,3.596610339963917468e-09,5.217085264959373979e-08,6.204752525162834062e-08,2.241127102927926050e-08,1.677204311320892799e-07,3.780663568333542781e-07,8.306516691606851769e-07,1.882978543981378936e-08,6.120365157324593309e-08,3.295663917914973281e-07,1.349454251861095248e-07,4.882939891708633848e-08,2.358088058411607373e-08,4.409845430524420574e-08,5.753492357790875290e-08,1.672061179372968638e-08
4.494305349500804741e-08,1.162509865338246287e-06,1.019295301916928335e-06,3.258338891104310459e-07,9.915185251552951465e-10,1.568224361438630122e-06,6.614564298026531440e-07,7.466958175175485816e-09,2.818187509222150777e-06,2.757767260761782063e-07,5.442110276048317685e-06,1.037242578144810430e-08,1.481204710475951454e-07,2.388866334483887654e-06,1.040950162961352662e-06,6.916267867721278594e-07,1.627643486981198261e-05,3.248803857808833922e-06,4.565776312688613587e-08,1.034362356064791035e-07,1.652277136497383580e-06,1.041077591993384993e-06,5.032287092156081760e-07,2.438983111657022707e-07,9.806997145158157565e-07,1.366153231838456747e-06,2.328998753605212412e-08,0.000000000000000000e+00,4.193563856089501032e-06,1.320891451544476440e-05,1.070163572684617909e-06,5.103449358563906073e-06,4.534488426690210411e-07,7.639991835893021161e-07,1.747596964149687666e-07,6.365029887402078639e-06,2.485416248730656151e-06,1.761421388093284544e-07,9.579902584773273322e-09,1.149106091036141313e-06,6.302748215078119848e-07,1.295029143237617555e-06,1.843780773260244793e-06,1.507811898567790063e-06,2.466258080994722439e-06,5.793625235048848448e-06,1.055952498471093876e-06,8.010892705903369890e-06,5.708143534588521225e-07,2.085689849484065901e-06,2.102197564036829861e-06,4.601398865966832008e-08,8.271048993172214759e-06,1.750409594393990465e-06,1.703082682753133961e-06,8.860899696500245275e-07
7.132180661019708842e-08,2.312879279761656077e-07,2.210990301858842817e-07,2.302175065954945610e-07,5.672085604284937276e-09,1.020504405802056560e-06,6.252112342601246132e-07,7.799482661604050669e-08,7.784355478558088118e-08,6.081554416580008891e-08,7.364966506197931004e-08,9.612920710112237645e-08,7.105822264061612474e-08,6.138594849589074389e-06,1.224839634334512155e-08,1.393332583977350445e-06,7.678950154396986454e-06,9.853074124296042140e-07,1.592744025575366634e-09,8.694171323195746103e-07,7.590687921236355154e-07,4.632378657338418652e-07,1.969270909738657377e-07,1.097189995943824330e-06,2.237933232255253061e-07,8.996403336680853754e-06,4.313669049543887318e-08,5.541143820006043063e-06,0.000000000000000000e+00,2.097465017408098757e-07,4.029288235565394850e-09,1.965480198409248705e-07,4.245174344171065798e-08,1.667298100651750928e-07,9.525098085141445411e-07,1.759827516084162205e-08,2.205750917375790673e-06,5.026896256179757827e-07,1.235905985064617286e-06,2.999932335936707845e-06,8.524805091354463000e-07,8.370570952631044241e-07,2.204576361164485321e-07,2.359496308586083139e-07,3.870358475786339612e-07,1.282223921987261493e-05,1.969422014213408431e-06,6.872348418423214405e-09,1.189895601385183427e-06,2.675380122287076338e-06,1.444181908484005788e-07,1.220232351425581031e-06,8.989705090420978893e-06,9.580423842821305680e-07,1.503165660820085877e-07,1.686429048812756629e-07
1.588516638272608627e-07,1.055881773659642368e-07,2.906333376381008201e-07,1.331072838922363655e-07,1.056174593191517007e-07,4.466023708025178288e-09,1.079363583562886559e-07,1.811347930512198546e-08,3.218215880794422842e-06,1.343544264603103534e-06,2.998200602671782473e-06,1.504960824407474698e-06,7.799608641155705665e-08,1.591993904232207389e-06,3.054670929011205879e-07,1.260720429351094042e-07,2.654391944331485866e-06,1.324858029524570591e-06,3.632447843087138682e-07,9.854553558379001019e-07,3.068955901244713516e-06,3.761981953355104493e-07,1.068452153500374116e-06,5.985261037489066935e-08,3.209617007852665199e-07,8.564328780737335512e-06,4.903257930855679925e-08,1.292770739409121385e-05,3.640886593284095819e-07,0.000000000000000000e+00,6.618578570921751912e-08,2.673342748932448118e-06,4.247014138510363708e-07,3.513920845375961030e-07,1.357086762370726142e-07,4.201297275285164099e-06,2.712108734491376139e-08,1.929445943737106291e-06,8.630290288967855853e-09,9.738902534607501482e-07,1.542030419137697206e-06,2.562095801860221582e-06,5.332294704665153608e-07,9.103396405952148186e-07,6.161170558970701993e-07,2.197952879534520802e-06,9.313732114107293557e-07,3.024738998079509537e-06,1.856504773636036442e-07,2.322629267929906626e-06,1.146602071241995148e-06,8.292383377342947498e-07,1.561327578121126421e-06,3.408834622425181631e-06,1.748740206598771647e-06,9.234267659150736435e-07
4.369087931050722386e-09,6.569835834928685747e-09,3.223072615157469094e-08,1.248553880500734577e-07,1.320570967331415391e-07,9.243935083331652964e-08,2.849404127765617658e-10,2.033168254076757338e-07,1.701352659243719790e-06,9.838663774092608245e-07,4.065465480407045610e-07,4.965348891876136950e-08,6.176417403205812969e-09,3.423933723000793551e-07,3.290353427332624772e-08,1.168679611999898014e-07,2.313413618161044054e-07,5.053733231415312270e-07,1.380898597354089296e-08,1.953350933220227244e-08,1.114820030487450814e-07,1.772878461241718194e-09,5.380965221485713167e-08,8.738238119043628695e-08,1.863539006940918480e-08,1.121615876054543605e-06,3.699802053804807123e-08,1.086926018173085320e-06,1.686265006911524197e-07,5.950851818503012432e-08,0.000000000000000000e+00,2.405943693073349783e-07,5.500830822418866787e-08,1.865160644124158500e-08,5.218141950604275637e-10,1.730787573472662317e-06,2.542775477385573752e-07,2.617392247126723632e-08,3.525779680716364074e-08,3.150302218984964889e-07,2.807459853732123548e-08,2.478978976177092432e-07,6.829861372708226576e-07,2.403226730162279128e-07,3.144323389749703402e-07,3.533012352577789772e-06,5.959698507939220698e-07,1.832532275115443926e-06,2.092129688069919166e-09,4.712358271381532769e-07,7.478497144010855436e-07,2.099215386116250049e-07,6.916374172026175521e-07,3.698558497185934055e-07,8.683788258696027460e-07,6.592785528542805844e-07
3.350949650553745169e-08,4.524338436099691904e-08,1.004872097176077405e-06,1.684539641222902321e-07,3.352127443809655848e-08,1.452563694748362435e-07,2.361484463057010277e-07,9.947890037441022307e-09,1.998423530015631290e-05,5.294672877728380437e-07,4.943212799055368750e-06,5.679326913987358877e-07,1.282363961332220535e-06,2.209167532218711976e-07,1.863311843087858958e-07,5.623194753856052477e-08,4.864913738890180030e-07,2.578144160802983348e-07,8.433408511795363588e-07,2.826578666125741274e-07,3.496434979531421309e-06,1.071629611559634866e-06,5.285372032507123302e-06,7.854622770682710093e-08,1.187480102647551066e-06,1.998082709442382269e-06,3.643551369307734033e-08,4.362789527009245143e-06,3.310638583626433773e-09,4.234272813334789571e-06,5.964469413694768220e-08,0.000000000000000000e+00,6.389021294770226224e-07,6.232066659841685135e-08,1.615322555070581077e-07,9.570874221135015892e-07,8.452842378975432954e-08,1.734380404697471684e-07,2.948715897000411654e-07,1.341036279904478879e-06,7.246225847314653495e-07,1.168554927856054269e-06,2.291813182036017940e-06,4.733330686600591352e-07,1.158947205193927622e-06,4.788720667348330547e-06,1.072948612512886791e-06,9.663763593532050282e-06,6.507118466262493437e-08,1.568462439973755122e-06,1.297495849620553644e-06,2.499234514254654324e-08,1.171402231790864777e-06,1.742456791673801693e-06,8.547816522351961601e-07,1.040746563786079475e-06
7.933308065880087727e-08,5.034384262887172365e-08,3.013938484028084867e-07,1.188542132024093143e-08,1.840350616697939528e-08,7.545402820137087743e-08,8.843583312258910145e-09,1.442895266367857690e-07,2.523704261943259673e-07,6.687117751045623698e-08,1.008559965536190178e-06,1.530410317860104508e-09,2.360113682228558455e-09,9.880696479851223425e-08,1.198664026558742988e-09,1.393214948542098832e-07,3.546616162579533621e-07,1.623508618517778879e-07,2.051505597575310291e-08,3.131229838208070158e-07,5.980974319325090939e-07,3.821995087800009931e-08,1.344723105803083313e-08,1.725103380244319468e-08,6.122311145563618799e-07,9.331565745217955220e-07,2.229778935965017398e-08,7.558293669600774768e-07,1.316869582191672205e-07,1.169072049685962717e-07,2.608427362183509295e-07,1.699096574612796283e-07,0.000000000000000000e+00,2.825083711410212118e-08,9.770140313309935787e-08,8.641992256337464153e-07,5.472864600347759259e-08,1.557781733545317274e-07,3.379719200037114086e-09,2.225452648372025443e-08,1.802539420361697713e-08,1.004080398596858500e-07,1.353169594185893394e-07,1.815945581001897211e-07,3.757596101042830296e-07,3.416660027965428660e-07,4.450828998648637784e-07,1.440570000085815067e-06,3.163679712434035251e-08,8.090115388298063453e-07,9.550909475599541638e-08,4.934423536044167599e-08,5.736089643185143651e-07,2.088029544943844767e-07,5.258316309503388600e-07,2.825999921582911086e-07
8.463350185496736140e-08,1.257629929343849504e-07,1.506134057189197303e-07,2.278249100118210674e-08,1.183046211813379331e-08,9.209280359483221206e-08,5.048520418478158470e-08,4.288721016077664680e-09,2.123527096610452567e-08,6.045418411910856435e-09,2.467294037896192787e-08,1.888893496507422338e-07,5.020564670788299609e-08,5.524267061331352553e-07,7.145442241438557598e-10,4.467979343263220639e-08,8.792392991940366419e-07,4.536469715826354373e-07,7.033286411998140125e-09,2.935896107584341863e-07,2.637543872333336762e-09,2.072625791410978774e-07,1.364903424323683350e-07,9.018572845231262709e-10,2.319516529215002455e-08,7.666105582221979902e-07,3.294603958179860735e-08,1.887711564082867155e-07,1.484681872159140979e-08,1.053259834982926754e-08,3.116535284127459346e-08,2.895347338031696265e-08,1.885640779934361021e-08,0.000000000000000000e+00,1.662166034086398764e-07,1.496449024857051523e-08,2.382272661388787992e-07,1.393102431182116032e-07,1.239181120857464895e-08,1.975048935259952342e-07,3.100250033463079740e-08,1.547943711651088754e-07,2.592961819934391141e-07,4.431557051387737916e-08,1.085462439531051158e-06,4.033244081913292745e-07,2.761581741424544029e-06,5.800199337180565475e-08,3.284777315735009155e-09,7.607712960221219196e-06,1.043488558839362077e-07,3.159605089332965377e-08,7.260375251373258289e-07,2.439610124833976221e-09,6.596342843317621991e-08,2.307969094098310477e-08
2.741706958597911221e-07,3.102546481410965396e-08,2.861864870986208258e-08,5.362501940568868815e-08,1.396416477749995885e-07,7.271112056838512899e-07,4.502844761913699587e-07,8.749304646914536702e-09,4.000927800125978324e-08,7.935006944062883341e-07,9.941882013569676588e-07,9.927518639486920423e-08,5.830344391282011852e-08,1.403512753665835216e-06,2.590884435385461676e-10,1.026676744944491685e-07,1.272728829612590933e-06,4.140573142527765359e-07,9.496725478863025140e-08,1.873478945668576925e-07,6.984363642685124536e-07,1.740321836052916516e-08,7.045787028052125251e-07,3.169649305719941004e-08,2.015329709745681893e-08,2.270136031499002806e-06,6.077149401180992296e-09,3.288052621215481784e-07,7.180839008819374753e-07,4.235830246446068393e-07,4.904912818341701727e-10,2.437806657157467646e-07,1.004760112588869046e-07,2.840642986738746809e-07,0.000000000000000000e+00,3.926665002817479515e-08,3.493397670865004392e-08,2.678248820563357906e-07,2.389561416598558922e-08,2.895203182792707364e-07,3.557109331807472984e-07,8.493079197824477386e-08,3.444839962967108536e-09,9.216904445567056937e-08,4.928982769259855958e-07,1.514019322097243435e-06,1.891414110260130118e-06,2.510482254811311598e-08,1.429313480837600338e-07,2.073227340006324771e-06,1.640214263752754263e-08,7.700666779642500011e-07,1.276806865673901973e-06,1.541328830097785920e-07,1.279646925289639849e-08,6.550551697967400112e-08
1.392692813146269354e-07,4.954592415754359790e-07,3.357823908243273761e-07,8.989352102725156088e-07,4.226100401754963178e-10,1.011569231531261461e-06,5.302119633557823439e-09,5.015147093874537062e-07,3.004138172810196059e-06,2.093976857200584490e-07,2.388349828560195808e-06,7.029225090059098476e-08,6.057004365162674918e-11,5.329119754783936634e-07,2.386155394875249198e-07,3.287033846558914579e-07,9.247994280110745975e-07,5.157239777858854689e-07,8.444871165195987898e-07,1.187135383258250772e-06,1.948430742983117872e-06,7.263377125748248174e-08,4.946099462921468211e-07,1.881591708886376362e-07,5.412881220351885034e-08,2.715981782128832127e-06,8.366912363578732666e-08,6.319766319116515673e-06,3.393858446589700690e-07,3.983300784441992729e-06,4.692536527190268493e-07,2.480650655782160032e-06,6.335213409825862384e-07,1.501789241808936002e-07,1.012330078713801843e-07,0.000000000000000000e+00,3.488877978253753721e-07,4.024660357010512062e-07,3.507683301364299961e-07,1.191101366314760881e-07,9.700647298003457032e-08,1.065817188738429679e-06,9.479497209225644683e-07,3.455033571866780328e-07,1.716295614599473124e-06,4.661158470284315779e-06,1.189991941590638328e-06,5.037753885263452420e-06,1.572323479018339766e-08,8.669586227318729481e-07,4.126189983822309924e-06,6.885819756732621330e-07,3.247643472910773213e-06,2.727636868510560391e-06,3.132285927531244500e-07,1.711321115483982631e-06
1.274403887902223875e-08,2.119835463049937425e-07,7.558309410875648214e-08,1.718125363550055792e-07,1.039444050106009028e-07,3.238166467955272627e-07,1.022760713113755995e-07,2.638399588662216038e-09,2.352248861023092041e-09,1.000113335967022524e-06,1.618647811212299496e-07,1.246027570763910455e-08,2.343008195406280802e-10,2.422226513547255079e-06,2.699798898384513989e-07,3.215109273037738605e-07,1.295165106722643781e-06,3.676434403249277809e-07,5.949478052004381267e-08,3.316429492682587498e-07,1.492804445648101387e-07,5.215577670260814738e-08,1.411642207687515751e-07,6.947602837051853718e-08,1.272625991214879444e-07,2.180005258909062124e-06,2.931985254457678451e-08,2.519627995897857885e-06,1.236462992674509220e-06,1.465292165556648671e-08,3.777374173791335520e-09,6.000725654683918156e-08,1.082067914728589820e-07,2.900438859544581252e-08,5.356074150909247613e-08,4.544495595220874295e-07,0.000000000000000000e+00,1.314322792199409604e-07,3.112629062730354085e-07,4.705697006179305806e-07,3.806952492000309981e-07,1.200273612382035113e-07,1.905975246194893425e-07,2.674721554575934901e-07,3.768713486594691796e-07,6.151386025417425150e-06,5.003197656441341628e-07,9.985040093081203958e-07,1.198282549547727068e-07,2.741775878301742472e-06,2.608434812801948193e-07,4.434330672644269994e-08,3.800140890751031225e-06,1.135456883865853172e-07,5.118554239856981028e-08,3.990558398627594192e-08
5.407597873579211713e-08,1.710520083962826351e-07,5.744399288814889812e-08,1.054043662973112243e-07,8.610772625095090245e-09,6.227414585027965486e-09,1.670461640093136948e-07,4.200559535418904937e-07,1.662077008450762668e-08,8.793117067413411272e-07,4.611572056767694323e-07,5.802854811832134868e-08,1.269954839973473265e-08,2.383908640981188308e-06,7.339622721064172875e-10,3.762242389104807286e-07,1.649602773042518779e-06,3.220440674810440132e-07,8.356262189186646420e-09,2.929994128287019112e-07,3.114082651201200320e-07,9.864616160292542077e-08,3.390305298082384534e-08,2.821107821950046240e-09,4.515893744915813693e-08,9.085848911644684798e-06,5.668926489836675736e-09,2.589353895193985027e-07,1.896476881691358417e-07,1.561037103915973151e-06,1.506745914539259586e-08,5.115759840986287506e-07,8.125290594156306085e-08,2.599285364888652330e-07,1.885408519171460030e-07,7.736226151852309364e-07,3.179030445167940566e-07,0.000000000000000000e+00,2.657326875990655780e-07,3.345305500510117140e-07,3.196751934440651562e-08,2.531629088496527530e-07,8.359389830362610799e-08,6.378942887122463382e-09,2.353601476835681765e-07,1.269511891882772570e-06,7.861063016408603286e-07,3.678675190250811463e-07,4.351462685731553162e-07,1.835103960436778448e-06,2.495197411963252837e-07,3.818363911612823467e-07,1.819380620284443301e-07,6.883023867625363439e-07,1.062422266108541999e-08,1.104082792998051392e-07
4.835582950648130877e-07,2.259216269384195929e-07,1.857576517314459505e-07,3.594292926670886417e-07,1.714941612436369193e-07,4.575465907429345374e-10,1.153398260827187759e-08,3.717194733739316944e-09,1.524803528102124044e-07,1.712932242088109856e-06,2.727184195012229637e-08,1.679059359359208070e-08,2.441466986419751501e-08,2.979538520928743240e-06,5.136556669870075472e-08,4.385968162339047743e-07,1.199822150763439924e-06,4.250468564377933080e-07,2.486035586270435340e-08,3.577252600190932703e-06,1.527894324815515560e-07,1.298121192547596175e-07,5.415773371875368907e-07,2.249755882213340667e-08,1.466437532378385435e-07,2.227443424577638802e-06,3.746706553664987813e-08,4.369203967658788311e-08,1.026773208709471692e-06,3.613957812621167033e-08,3.337981446992863024e-08,4.080628614632089020e-09,3.388763410478813326e-07,1.416089879591160660e-07,6.361214225024991505e-09,9.934162848725054558e-08,3.011239303280058867e-07,6.485944376018432344e-07,0.000000000000000000e+00,5.976259346126131442e-07,1.729952839198029664e-07,5.438538705039119165e-07,1.009830317765176976e-07,4.886515427000366857e-07,6.601689072779077186e-07,6.855184114958520906e-06,1.972433651887188394e-06,1.975929193290344071e-07,5.513783099472728495e-07,1.689864984624975365e-06,1.856792829495033355e-07,2.184198277294846538e-07,2.187597547588792213e-06,2.074429588869071648e-06,1.243028344682517558e-07,7.251480084410430464e-08
7.025601831155838806e-08,4.162596990098434391e-07,1.189658820102322408e-07,2.975957205789016537e-07,7.134754364317892538e-08,2.139526480191780049e-06,2.753868841079853773e-07,4.211730408014886954e-07,4.445684246403424196e-07,2.746274620268456628e-06,1.140635910885231131e-06,5.247144996426166452e-10,1.701203487739984404e-08,6.768346360339751366e-06,7.493451638054003249e-07,9.225566088818526729e-07,1.408519517214206067e-06,3.919389571557177192e-07,4.507107402911153390e-08,2.741293545038679971e-07,1.815724678752998511e-06,3.677213352614712741e-07,8.072682925815549809e-07,1.748447848487407737e-06,6.266697464794172776e-07,3.705973788518000843e-06,1.685776030107461267e-07,4.757152117335534746e-07,2.909825489925817280e-06,1.009820073137580305e-06,2.330389023131273217e-09,1.655258053124019644e-06,3.614906803865440494e-08,7.249268343095846893e-07,6.543461629504406158e-08,8.915410885987844027e-08,1.514200347615334477e-07,5.233171866018535563e-07,8.826162392086073408e-07,0.000000000000000000e+00,3.389501244449608341e-07,2.363676988273718994e-06,3.806418954740895197e-07,1.313827409505759168e-06,3.541864784678467960e-07,1.306443052861981340e-05,1.875051523341134543e-06,6.609316624602635919e-07,1.250230545068869771e-06,2.086944248981700892e-06,7.082395372224115909e-08,2.494226280644602045e-06,6.423087158957119880e-06,2.590032899430774904e-06,2.948247296817708215e-08,3.802316612890166951e-07
8.030059965811335253e-08,3.202788180048063763e-08,4.893897093085401354e-08,4.123530456233991938e-07,4.495432702566377675e-11,1.239589251224799660e-08,5.678589393084993983e-09,1.264182208987475295e-07,4.624004561509812648e-07,6.216622242441827278e-08,2.204546319111289983e-07,1.543978018218741066e-07,5.379613318238199614e-08,2.018291327418086356e-06,8.875189733042421405e-08,1.287934962796433548e-07,1.027347184061790577e-06,7.199438194211062510e-07,9.846432464814757125e-08,1.552980878918079790e-08,3.801168578358764901e-07,1.850079923782180140e-08,5.397378051659040217e-07,2.723501147582363974e-09,4.604611905738905875e-08,3.900543777968514468e-06,1.410587605038534680e-07,7.396616649345222871e-07,4.962356835132360684e-07,8.278679366926558902e-07,1.602375063950190460e-07,9.906307219323366217e-07,1.613267115835213247e-07,3.430904908225027815e-07,3.997972335240325083e-09,7.103833923354914152e-08,3.344573991925173870e-07,4.833961771781839714e-07,6.845889228188657913e-08,1.204577329551740006e-07,0.000000000000000000e+00,3.640244552842893642e-07,2.558754665676389207e-07,2.223451419607077388e-07,1.981056652802851508e-07,1.403510560711404727e-06,8.734122462208993420e-07,1.264678809357965269e-07,4.402485346274931948e-07,1.179482450114240145e-06,4.953229064385284097e-08,4.460578558104251492e-07,4.064794535692536259e-07,8.875735028641600568e-07,7.634072939835529850e-08,3.451220217781606802e-07
3.410177612790256859e-08,2.011888543927670702e-06,1.812492763014902132e-08,5.902226976156655171e-07,1.854909096112708991e-07,3.922230012015564377e-09,4.219396804869577547e-08,9.570135055500896527e-09,5.350190723735383048e-09,8.980867012907244328e-07,1.662739984738648060e-06,6.848270833864304911e-08,8.370432695668662744e-08,2.540244267668830987e-07,2.254525129512261563e-07,1.077585419558252782e-08,4.547338981520372802e-07,3.398169099651387668e-07,2.536561330516412606e-08,8.297727245113058597e-07,1.973758631498024480e-06,1.662513125428670281e-06,1.284540647350912572e-07,8.196671603416136567e-08,1.035329468992288685e-08,3.536279660886381693e-06,1.634108655306544616e-08,9.183110585273463499e-07,2.210512137723139114e-07,2.702361954237270453e-06,2.511850240070478601e-07,1.197559805650540116e-06,9.993729884198811084e-08,2.671508660783969605e-08,1.029191789767448336e-08,1.890791187008304176e-06,3.109483458275280618e-08,2.554199510904823104e-07,8.532211988822854702e-07,2.438623910679862899e-06,9.735497453260515760e-07,0.000000000000000000e+00,4.327868745695015324e-07,3.469354351611291377e-07,1.620502759273717997e-06,4.876081397438212452e-06,7.630233535559718325e-07,1.878562742840819168e-06,3.078881260669947650e-07,7.537754448071737547e-07,9.395605263158430543e-07,2.420468305361284182e-06,7.127267224423383109e-07,2.819720477013685441e-06,3.998461330103030162e-07,6.146921059479560426e-07
1.602510290068144556e-08,1.270697060576159069e-08,1.051626258922524261e-07,8.595299249095963990e-07,5.772678117969468905e-08,2.069270895550395832e-08,9.278296559984708411e-09,1.247962453027121317e-08,1.411042119431256791e-06,1.349620936210246592e-06,8.170251504356250614e-07,1.135342382295309261e-07,2.228430656695513180e-08,1.701079794549007717e-07,1.480911006364535333e-07,2.035597248023715824e-07,4.171263248758802257e-07,2.674929777249824556e-07,6.988912908398870607e-08,1.184233987608534880e-07,5.432075412956756755e-07,2.482626020985433199e-08,1.203004419669860708e-07,1.678558848461919160e-09,3.374138171421469029e-08,2.551142202197683520e-06,7.219975546117387860e-09,1.868467378005018266e-06,6.271544915995841697e-08,3.210690867160725700e-07,6.744826499449593950e-07,1.150995119808617091e-06,6.907275963153482021e-07,2.499959350061452371e-07,3.426747002140885965e-09,2.706470000765885353e-06,1.242663174038469335e-07,3.958619726057727703e-07,2.420996211708430835e-07,2.079359107044995180e-07,3.111792449403000313e-07,4.263210461960195750e-07,0.000000000000000000e+00,1.105578239399790070e-07,3.010988216737069520e-07,6.516273388660327620e-06,4.555551785680749966e-07,1.617880608599947680e-06,1.837848789100399315e-08,8.116308466257216288e-07,1.268980879221082412e-06,5.753610679057855424e-09,1.101386152570322644e-06,6.360687025365290989e-07,3.373344168777155464e-07,1.607641011475289962e-06
3.345934296882125540e-08,1.110572370512366358e-06,1.854505833472095321e-07,2.147206087316285611e-07,5.849530858116189076e-09,2.595137954746567507e-07,2.718285062584758226e-08,1.493322730159611855e-07,6.482090808062880719e-08,1.233964036877545505e-08,6.765592381052865725e-07,1.678037797050994254e-07,1.575541035912007396e-07,1.473412366257303956e-06,6.047214679941775577e-07,7.295717620552284275e-08,4.067106002691794735e-07,2.962982377478431492e-07,3.274357879303375288e-09,4.058041529444852732e-07,4.991080554024652821e-07,9.255945255314087991e-07,4.233387103857870950e-07,1.191637414274564947e-07,4.923158438394086438e-08,1.089586424609545876e-06,4.121522923613896749e-07,1.491614255974365058e-06,3.894806589862677687e-07,6.719973548217145161e-07,5.865611498897151145e-08,3.456086346897408385e-07,9.939633438586578572e-08,7.606978742593358851e-08,6.477175623183857646e-08,7.758973720686239116e-07,5.908972179048287913e-08,7.343050702435699081e-08,1.427297462984307508e-08,7.605637759768002590e-07,1.770340156531606420e-08,7.231824237115430353e-08,8.128334953752696149e-07,0.000000000000000000e+00,4.585250269479202091e-07,1.107139861018933329e-06,6.941423521653866266e-07,2.233304553634624843e-07,1.132026249897436792e-08,1.842275209648091684e-06,6.160530437188560452e-07,1.903720089519945254e-07,1.207955805470509651e-06,4.129514311305376816e-08,8.248419180300723585e-08,4.737524384303084272e-08
5.846141974662277755e-08,3.845548258292256332e-07,2.833957927916734796e-08,4.267617006540450834e-07,1.527474584702717708e-07,5.257502824315948089e-07,6.757897917222252642e-08,1.288537666290280758e-07,1.095204611083170202e-07,3.385588931446946051e-07,8.997469254719606264e-07,8.228277234820687350e-14,6.343736360114969268e-08,2.112192306165789405e-07,6.351902705165309471e-08,3.297757963018179848e-07,5.999496606051615308e-07,3.779405245283487682e-07,3.392574847032035902e-08,5.482573238311809283e-07,9.319071789739331125e-07,2.257052489000191079e-08,2.578898457725877595e-07,1.280598838675205631e-09,3.051710412687873140e-07,1.390365116082384694e-06,2.833464171754593070e-07,4.219129562012626993e-06,4.111924991053403696e-08,1.152870747103850140e-06,3.502661929031270983e-07,6.521815417708003383e-07,3.127903796781921713e-08,1.793020155100549141e-06,1.695952106072178277e-07,1.275760231247386323e-06,1.188101834843983715e-08,3.925379823730008895e-07,1.736482970194541626e-07,9.751694891208335271e-08,4.799482631697157219e-08,1.662825291064271734e-06,6.032029372500830512e-07,8.000229512035726137e-07,0.000000000000000000e+00,5.997140512833607829e-07,5.082534853813864354e-07,1.407124855015397470e-06,8.890075289724072484e-10,2.229688926117810290e-06,7.883957849440851336e-07,1.938144765850532507e-07,2.786945535855623616e-07,6.436677370157327263e-07,3.108456088949849750e-07,6.086126284851529955e-07
1.572997977460883951e-07,1.832866171737657708e-07,2.201924480996279105e-07,2.742487329033445613e-07,7.797260989041473614e-08,5.769581948931900511e-06,8.084869558224077681e-07,6.149910423799418674e-07,6.282240350166558663e-06,2.511794623152626939e-05,3.511986777751769586e-07,7.379990322501398937e-07,3.713452332002528484e-08,2.806578117664914083e-05,1.516349573598842270e-06,9.984288037865239044e-07,6.084426395900830406e-06,9.548043114685456131e-07,6.808459095828773266e-08,1.223409010606633644e-06,3.169946137016294263e-06,3.583231411505363701e-08,5.894392267626395748e-07,5.077822129667489938e-06,1.246597219688003599e-06,1.431881742974046396e-05,1.777522620917949059e-07,3.576342278995703971e-06,1.193103812204206090e-05,9.360794570019419727e-07,2.624972087273230733e-06,3.937846163802024659e-06,2.449670579164791875e-07,1.346353811899854547e-06,5.035051349121321053e-07,4.492723232411235114e-06,4.358742557025539298e-06,1.504302001721479897e-06,7.982806348254298546e-06,9.318580589096899530e-06,7.859119356149123089e-07,4.464449810491489210e-06,5.542611908909336970e-06,7.906191585539689024e-07,1.405876235578141743e-06,0.000000000000000000e+00,6.622675114131888395e-06,1.024902754958902240e-06,5.921769396865373056e-06,9.047925260874640246e-06,1.227096643303712632e-06,1.113833423678487496e-05,3.376730353585349247e-05,6.410910778849339234e-06,2.770844903885608256e-06,8.614084290016670677e-07
2.238629576662162222e-08,2.571176424254494937e-07,6.722916135317867344e-08,2.721714559999934575e-07,3.177109197901450391e-08,7.426499952012743822e-07,7.504522758985519996e-09,2.612113995191160468e-08,1.255125351505236684e-08,1.422223004340231884e-06,1.047080544383701946e-06,1.561151447782419848e-10,4.928664651643469377e-09,2.081358576657085141e-06,1.546028857214860103e-09,2.815619834945961250e-07,1.773036692486840145e-06,3.229635538812342310e-07,2.915450769856710207e-09,1.016031438870518420e-07,1.327656550567953323e-06,3.170457377742847726e-07,3.696810164528698629e-07,3.390992438197339945e-07,4.395714887173856435e-08,4.603286959662114917e-06,3.159380773646096943e-07,6.552292686532309253e-07,9.965446921046225735e-07,8.350743448735021521e-07,1.278863699933498947e-07,9.240551090074250610e-07,1.446736840201459979e-07,2.965540865849944337e-06,1.267998147447365031e-06,3.828045347658181008e-07,4.094018809789321670e-07,4.742320932620284255e-07,8.735048797183737216e-07,2.801517324331501103e-06,3.422121474270820038e-07,1.026436427384694341e-06,1.765774061473092176e-07,1.636893728724523037e-07,2.811912677970439567e-07,1.011940149490563298e-05,0.000000000000000000e+00,3.937712261021344505e-07,2.046044480167806301e-07,8.783532592507206204e-05,3.468619043552074968e-07,6.978028474266282270e-07,1.441472931618761639e-06,1.222491361106366213e-06,4.956733116104774346e-07,1.473551171279942876e-07
7.416205763089672231e-08,4.441567177528415109e-08,1.188726295760093232e-07,8.552162250056933538e-08,2.086810741130139133e-08,2.959982277129417513e-10,1.375989114739888458e-07,1.766598840358538966e-07,6.241070042926701280e-06,2.153222562525490171e-07,5.458882336081069344e-06,4.264516130851584542e-07,3.974197696344127257e-07,8.613071032268167365e-07,6.308897838738033841e-07,8.257262370531420046e-08,4.506122959106755585e-07,3.711637775247346204e-07,8.675271461184460799e-07,6.451422911565199006e-07,4.465851377642196666e-06,2.057217514213102348e-08,7.957000232142011216e-07,7.965319309103175971e-08,2.760035198342967381e-07,4.546466570864205771e-06,1.142376913029470885e-07,7.958160787217088240e-06,2.022673570835216162e-08,3.448117216288295553e-06,4.202168202107326311e-07,8.493641396706296844e-06,1.732897444579761235e-06,1.954752765049847282e-07,2.212494319878968059e-09,3.573907940935302459e-06,1.334364078367234167e-07,3.063086095891268512e-07,5.632591664927267629e-07,1.307295052262557566e-06,2.086136220134884932e-07,1.468186385735963246e-06,3.199925558076212869e-06,7.431859628100659310e-07,1.062832590471436377e-06,1.702055652785255697e-06,5.375138422352944906e-07,0.000000000000000000e+00,4.585563547859191037e-07,1.352794017480055492e-06,9.214690968851058160e-07,2.654363088555735549e-07,2.439853891505652259e-06,2.326879616961796460e-06,7.084933089178081044e-07,1.189056702118394701e-06
4.190162227063936707e-08,6.753607555877224061e-08,2.479783255039661143e-07,6.331071848205567471e-07,6.423032843375866244e-08,4.142676216969716002e-07,8.843821601865411485e-07,1.966805638872637721e-07,2.932681743722037192e-07,4.855034210882699073e-07,1.690637075103424795e-08,1.267260381777423448e-07,1.124056680433591079e-07,5.122595078572141134e-06,1.690276818693558958e-07,2.888998382993872834e-07,1.016934142721220316e-06,3.415631581521593741e-07,2.332103273439575526e-09,1.387431525006028601e-07,1.254830622155874074e-07,2.919092948265914991e-08,2.602171294844931560e-07,7.139064615732756227e-08,1.267937602494445788e-07,3.012111280190409805e-06,1.249098235581930890e-07,6.040967613681120149e-07,1.498175863665995656e-06,4.721275256013303432e-07,7.420252209134733443e-08,1.193885599050503892e-07,3.304066632475337556e-07,2.005330928260075275e-07,3.008256648541415872e-07,1.996395059851256723e-08,1.927374626790016174e-07,2.436196823013954107e-07,7.639206109314960187e-07,1.289116733047768740e-06,2.975584994718936820e-07,4.417081632934548783e-08,1.855507148923907276e-08,1.502627972814676240e-07,3.485867528604657750e-07,5.492185568289842675e-06,4.646759316742547026e-07,4.843100756389188392e-07,0.000000000000000000e+00,2.429447925589098792e-06,3.359099958853116135e-07,2.806637241484027913e-06,1.493731526020723295e-06,6.454570175559443999e-07,7.292232183118607902e-07,1.530575584022762058e-06
1.226545174809230236e-07,1.038495689744134823e-07,6.775142910098980411e-07,9.484181389333101752e-07,1.486822229951225551e-09,2.792597438005889079e-07,4.271931602257530249e-08,2.983419488976788692e-08,1.259559338269610803e-08,1.193245624353108106e-06,2.788263606232333368e-07,2.102632724615354306e-07,8.859727141843651632e-10,6.861558516114191427e-06,6.916590022520688726e-07,2.615945305542452325e-07,2.643746025430408542e-06,4.494281900086561676e-07,7.077891548584316701e-08,1.520417240050319090e-08,1.638976143160963008e-06,1.443206829386167471e-08,3.257474119716040121e-07,4.488419620172028796e-07,1.403107859590784184e-07,2.806965811909188376e-06,3.230261867388742083e-08,4.466298735552448528e-07,1.216911601587667429e-06,3.862293122316057844e-07,7.571743703586591541e-09,2.085667332964674624e-07,6.222613210602084409e-08,1.259131806427838789e-05,9.897190492966012810e-07,9.181488861506840792e-09,4.792012334759697587e-07,9.407083571400763596e-07,9.396869088169293163e-07,3.694075172742599355e-06,1.662343308940439880e-08,9.869296740764684329e-08,8.230650229549602325e-10,6.464689762541279720e-07,1.506272069995571916e-06,1.233884810772814980e-05,1.074425334579356137e-04,8.469602328947946235e-08,1.070715010157409426e-06,0.000000000000000000e+00,5.209895620434405161e-07,5.413603596611992162e-07,5.854792588559369596e-06,1.284155448861822709e-07,3.471977248851202084e-08,1.539273819492327711e-07
4.963371046474023027e-09,4.124994744912260298e-07,1.705756357907698998e-07,6.208821965134605566e-08,5.466609683033173520e-10,2.734428271378586653e-07,9.730282369685135972e-08,4.046717066133782514e-07,1.550964557965606045e-06,3.557953594230720949e-07,1.093741383020523277e-06,2.618518416752217769e-07,4.269655646260232675e-09,3.003993782863629766e-07,1.220556899586091576e-07,2.220272143219742058e-07,4.854544146479459727e-07,1.135816137668106454e-07,6.512945463753027269e-08,3.897319265833413023e-07,2.279186815225035481e-07,2.030151750757351957e-07,1.352450249553082412e-07,1.269529428275487245e-08,7.052124777382060336e-08,2.323315062273747981e-06,1.342830621905271429e-07,3.310987399159106529e-06,8.320327606025672871e-09,9.736562325191248292e-07,5.417684971820740870e-07,2.627807547623076396e-07,7.738969050425476139e-08,1.009329821909647646e-07,4.115308754176617330e-08,2.752233603553891059e-06,1.614365043329749173e-07,7.014813924122704428e-08,8.091497013686906681e-08,9.909690089561579095e-08,1.484776723040287278e-07,9.253047185187981733e-07,1.509216148534173719e-06,2.295876399396198340e-07,6.900516643191120026e-07,3.264087226297677709e-06,7.697186669203897770e-07,2.311614976077536690e-06,2.906881071490510441e-07,1.721056410906329046e-06,0.000000000000000000e+00,7.618818479823339339e-07,4.035639666697899725e-06,1.054985216080640511e-06,3.763530772960189534e-07,2.857601559550712668e-06
2.237762480432117807e-08,6.234378046934558725e-07,2.450329126861765661e-07,3.629343040697276763e-07,4.826648069577777609e-10,6.011101414787063836e-07,2.516460721069938654e-07,3.200682961512089265e-07,2.419583348349686263e-07,1.839986930163787778e-06,1.294916118124901901e-08,9.436917145278864958e-08,3.715966228549511394e-09,5.255896300642342002e-06,2.845675996705443935e-08,1.822938137249046012e-07,9.071545615822337139e-07,2.589321314997598192e-07,4.188198255898222621e-08,2.565438236678772640e-07,5.956269938996790541e-07,2.207213848440925368e-08,4.580426663772293790e-07,3.760051630776012609e-07,9.101530991315904850e-07,5.645075560231377878e-06,1.173982751137761341e-07,5.320312937521761217e-07,1.920743356186295398e-06,1.710346149183444856e-06,3.401787963622725036e-08,2.088178004478039588e-08,9.388745742595029276e-08,2.067972714461896919e-07,6.116061870489117530e-08,1.963639374929335570e-07,3.683377130357508689e-07,3.106786650687651535e-07,7.141179923973988612e-07,2.796700267620106109e-06,1.893045775452524070e-07,1.500978845220145481e-06,2.273689233076173405e-07,3.348443168280022597e-08,4.392131426004936740e-07,1.167494329327350614e-05,1.132137639888193650e-06,2.791125193224439974e-07,2.472781534287085297e-06,1.663762627489007066e-06,1.196182634567173031e-06,0.000000000000000000e+00,3.260433807493008406e-06,2.539346870578807218e-06,6.472214276161671654e-07,1.038607416396648063e-06
4.773241719395399348e-07,6.190798666207474063e-07,2.384772851851476381e-07,2.813177326844311149e-07,3.257433585972301815e-07,5.107669949329665616e-06,8.884031280953234522e-07,7.649593707605030588e-08,1.998132162161042530e-06,2.514757685684158431e-06,1.524762238914529424e-06,1.363025739563266631e-08,1.425773717054666261e-07,9.621105962662145468e-06,3.394672524581716970e-06,7.587964336439274925e-07,2.903299356587129785e-06,1.221326949518087797e-06,1.347977945425627003e-07,6.548625807860900293e-08,5.739683898415738495e-07,5.950808889886522478e-07,6.364146090279630020e-07,1.483454833747141526e-06,1.215365970908094972e-06,3.363445527123013681e-06,9.099302652361986092e-08,6.437933905148857016e-06,1.031761177759805434e-05,1.024421825812545961e-06,6.803203985945888140e-07,1.313580308035563677e-06,3.560214745990493689e-07,1.331053911770377362e-06,9.317170883312498688e-07,3.433739039836474784e-06,3.868396475901143227e-06,3.210174910851771066e-07,1.755224908044520561e-06,6.538127392109307455e-06,4.662662859106634147e-07,9.613020173668046761e-07,1.083679229780602730e-06,1.381104611045104607e-06,6.399928013839226050e-07,4.455636846740421690e-05,2.294967858776535376e-06,2.844425752120590026e-06,2.318416433574571997e-06,4.977641389831999487e-06,4.424302646151777083e-06,2.382512149796727215e-06,0.000000000000000000e+00,8.457389864070167772e-07,5.962530543025224456e-07,6.898459610318093821e-07
3.310678548198354705e-07,5.200646166910035246e-07,1.644241836417798632e-07,7.422595250654136031e-07,3.794359910799631701e-07,2.360787110246122791e-07,3.152091304261267683e-09,6.121372162334059291e-10,6.563156444662387685e-07,1.308107509684187311e-06,2.071468226485795130e-06,3.063512850822378891e-07,8.654849875022683062e-09,1.930452322269791465e-06,3.276142297327056892e-08,3.385606561869362336e-07,2.059508232445109450e-07,3.986826444639262744e-07,1.295264655043421127e-10,2.918243396555178582e-06,2.757863439264143341e-06,1.145263218269395679e-07,6.249276635525130446e-07,2.030148557935078486e-07,3.412767924763161194e-07,5.131159359890969136e-06,3.112765090244197408e-09,9.551341028791509619e-07,1.009034888521705300e-06,2.106496590536399907e-06,3.694003540526170773e-07,1.761093679152460220e-06,2.028563687168984167e-07,5.844820721854106967e-08,2.203435149675893284e-08,2.397661165491595458e-06,1.138719647078271229e-07,5.368362659502478679e-07,2.003964472810946037e-06,1.377540980685969785e-06,8.934761063294688573e-07,3.980782138785356529e-06,6.364697702742425806e-07,2.706222170003216269e-07,2.284925711212771837e-06,5.467300423754617093e-06,1.191211810752021247e-06,2.763848227329618468e-06,1.006453010534317094e-06,1.031560723923231961e-06,1.057098552535825470e-06,2.622266931354375582e-06,8.611275383549725012e-07,0.000000000000000000e+00,5.879850567158559444e-07,3.463180294291136580e-07
2.971753032926772892e-09,1.003660330746914587e-07,3.894385633643972800e-08,2.457445719128315652e-08,3.522443011505327573e-08,1.158483189570563149e-07,1.212996088981048931e-07,4.914900337046080461e-09,5.307829606353681846e-07,1.228256559709394567e-06,1.721845337558742586e-07,4.530420108987420697e-08,2.033551970229157982e-07,1.640740797024513444e-07,1.372637903931463555e-07,3.926396448893277703e-08,3.168121290181725986e-07,4.444848709156395498e-07,1.408622911424506968e-07,4.254807396507083419e-07,1.920401023190745092e-08,3.875942459608731944e-08,2.342471341927783224e-07,1.032051502154643681e-07,4.331957881233167957e-08,1.443313148556118485e-06,5.556028281635186520e-08,1.386671229183359048e-06,3.849593279095297128e-09,1.180214583903155636e-07,6.167042388261771739e-07,5.200103588058948705e-07,2.487745977869817224e-07,1.163756734667872917e-08,9.856230537627581895e-08,2.261141881996887929e-06,5.053545188408577989e-07,1.379087674836136427e-07,5.409825934266699908e-08,5.054160603819861142e-07,7.155080984809573398e-08,3.958181815330126602e-07,2.591856241727749631e-07,1.405874337279658130e-07,5.401016923624462673e-07,3.039655750862587950e-06,4.014173373087669933e-07,4.097140473056531066e-07,8.446352604454896028e-07,1.039768679432894794e-06,8.237086801489964685e-07,7.446882161647613221e-07,8.355126512969109122e-07,5.893625072936789950e-07,0.000000000000000000e+00,1.902329433580280378e-06
1.255424784530559936e-07,2.561931177165981294e-07,3.067932590499332535e-07,7.486944672733386113e-08,6.452830836045211397e-09,1.109067648710900124e-07,2.445428536910234189e-07,2.358492102146627365e-08,4.841850469267953125e-07,3.430760969395971827e-07,9.825729087255638735e-07,6.787704034917354901e-08,1.119405827122096993e-09,4.413746571457539288e-07,2.680390832230826559e-08,1.304660948559651167e-07,2.502448417901056437e-07,7.848082256503791784e-07,1.720196728030783190e-07,3.376401727362353068e-07,2.028439026817825807e-06,4.426720984254371934e-07,4.572909091420567451e-07,6.349958073643656137e-08,1.588515420903461007e-07,2.713101744811536220e-06,2.126698249753870473e-08,1.442416407282188455e-06,3.398283070215580400e-07,1.097100305815366400e-06,6.040109080062184180e-07,1.398517826466155061e-07,7.616411581270015274e-07,7.623895559533089403e-08,4.076878452908729350e-09,1.169486141361752951e-06,7.373493936010437963e-08,5.216267332342925430e-08,2.462439191436141072e-08,1.243962761421281776e-07,3.666441737309271530e-09,2.216902867807442815e-07,7.021887759656085268e-07,2.925952470438937005e-07,2.748117718999163665e-07,9.222425531638445755e-07,7.635514691633230001e-07,9.387469931271949237e-07,8.632972673274213205e-07,1.404587151306735771e-06,3.884162378273820888e-06,5.692114782699057922e-07,6.930202142891816306e-07,3.938156048587595397e-07,1.145233002014244053e-06,0.000000000000000000e+00
